Date,Lieu,Ville,Type,Prix,Artiste,Image
2 sept. 2023,THEATRE ANTIQUE,ORANGE,FESTIVAL - FESTIVAL MUSIQUE,51.5,JAMIROQUAI,https://static.ticketmaster.fr/static/images/vignettes/a_543275.gif
30 juin au 2 juil. 2023,LA CITADELLE,ARRAS,FESTIVAL - FESTIVAL MUSIQUE,10.0,MAIN SQUARE FESTIVAL- DAVID GUETTA- MACKLEMORE- MAROON 5- YA NAKAMURA- ORELSAN,https://static.ticketmaster.fr/static/images/vignettes/a_541456.gif
30 juin au 2 juil. 2023,LA CITADELLE,ARRAS,FESTIVAL - FESTIVAL MUSIQUE,65.0,MAIN SQUARE FESTIVAL- DAVID GUETTA- MACKLEMORE- MAROON 5- YA NAKAMURA- ORELSAN,https://static.ticketmaster.fr/static/images/vignettes/a_541290.gif
18 au 19 fevr. 2023,ACCOR ARENA,PARIS,FESTIVAL - FESTIVAL MUSIQUE,54.3,MIK FESTIVAL,https://static.ticketmaster.fr/static/images/vignettes/a_542486.gif
6 juil. 2023,ARENES DE NIMES,NIMES,FESTIVAL - FESTIVAL MUSIQUE,46.0,FESTIVAL DE NIMES- PLACEBO,https://static.ticketmaster.fr/static/images/vignettes/a_543355.gif
20 juil. 2023,THEATRE JEAN-DESCHAMPS,CARCASSONNE,FESTIVAL - FESTIVAL MUSIQUE,69.0,FESTIVAL DE CARCASSONNE- FLORENT PAGNY,https://static.ticketmaster.fr/static/images/vignettes/n_florent-pagny.gif
17 juil. 2023,THEATRE JEAN-DESCHAMPS,CARCASSONNE,FESTIVAL - FESTIVAL MUSIQUE,49.0,FESTIVAL DE CARCASSONNE- TOM JONES,https://static.ticketmaster.fr/static/images/vignettes/a_543041.gif
30 juin 2023,ARENES DE NIMES,NIMES,FESTIVAL - FESTIVAL MUSIQUE,46.0,FESTIVAL DE NIMES- FLORENT PAGNY- ZAZIE,https://static.ticketmaster.fr/static/images/vignettes/a_542951.gif
8 juil. 2023,ARENES DE NIMES,NIMES,FESTIVAL - FESTIVAL MUSIQUE,46.0,FESTIVAL DE NIMES- MICHEL POLNAREFF,https://static.ticketmaster.fr/static/images/vignettes/a_539854.gif
21 juil. 2023,ARENES DE NIMES,NIMES,FESTIVAL - FESTIVAL MUSIQUE,46.0,LOUISE ATTAQUE- FESTIVAL DE NIMES,https://static.ticketmaster.fr/static/images/vignettes/a_536312.gif
13 juil. 2023,ARENES DE NIMES,NIMES,FESTIVAL - FESTIVAL MUSIQUE,46.0,FESTIVAL DE NIMES- RCTIC MONKEYS- WILLIE J HEALEY,https://static.ticketmaster.fr/static/images/vignettes/a_542493.gif
21 au 23 juil. 2023,HIPPODROME PARISLONGCHAMP,PARIS,FESTIVAL - FESTIVAL MUSIQUE,40.0,LOLLAPALOOZA FESTIVAL PARIS- KYGO- KENDRICK LAMAR- DAMSO- YA NAKAMURA- ROSALIA- LIL NAS X,https://static.ticketmaster.fr/static/images/vignettes/a_542133.gif
22 juil. 2023,ARENES DE NIMES,NIMES,FESTIVAL - FESTIVAL MUSIQUE,43.8,FESTIVAL DE NIMES- GIMS- DADJU,https://static.ticketmaster.fr/static/images/vignettes/a_540732.gif
24 juin 2023,ARENES DE NIMES,NIMES,FESTIVAL - FESTIVAL MUSIQUE,46.0,FESTIVAL DE NIMES- M POKORA- JENIFER,https://static.ticketmaster.fr/static/images/vignettes/a_542495.gif
27 juin 2023,ARENES DE NIMES,NIMES,FESTIVAL - FESTIVAL MUSIQUE,59.2,FESTIVAL DE NIMES- SLIPKNOT,https://static.ticketmaster.fr/static/images/vignettes/a_541394.gif
29 juin 2023,ARENES DE NIMES,NIMES,FESTIVAL - FESTIVAL MUSIQUE,46.0,FESTIVAL DE NIMES- SOPRANO,https://static.ticketmaster.fr/static/images/vignettes/n_soprano.gif
18 juil. 2023,THEATRE JEAN-DESCHAMPS,CARCASSONNE,FESTIVAL - FESTIVAL MUSIQUE,60.0,FESTIVAL DE CARCASSONNE- JOE BONAMASSA,https://static.ticketmaster.fr/static/images/vignettes/a_542028.gif
25 au 26 août 2023,L'ORANGERIE DE LA BAIE,LE TOUQUET PARIS PLAGE,FESTIVAL - FESTIVAL MUSIQUE,80.0,TOUQUET MUSIC BEACH FESTIVAL- PAUL KALKBRENNER- OFENBACH- HENRI PFR- MARTIN GARRIX- CHARLOTTE DE WITTE- PURPLE DISCO MACHINE,https://static.ticketmaster.fr/static/images/vignettes/a_542125.gif
25 au 26 août 2023,L'ORANGERIE DE LA BAIE,LE TOUQUET PARIS PLAGE,FESTIVAL - FESTIVAL MUSIQUE,50.0,TOUQUET MUSIC BEACH FESTIVAL- PAUL KALKBRENNER- OFENBACH- HENRI PFR- MARTIN GARRIX- CHARLOTTE DE WITTE- PURPLE DISCO MACHINE,https://static.ticketmaster.fr/static/images/vignettes/a_542112.gif
11 au 25 fevr. 2023,L'ESCAPADE,HENIN BEAUMONT,FESTIVAL - FESTIVAL MUSIQUE,15.0,HENIN ROCK FESTIVAL,https://static.ticketmaster.fr/static/images/vignettes/a_541761.gif
25 au 26 mars 2023,PALAIS DES CONGRES,STRASBOURG,FESTIVAL - FESTIVAL MAGIE,35.0,FESTIVAL MONDIAL DE LA MAGIE,https://static.ticketmaster.fr/static/images/vignettes/n_festival-mondial-de-la-magie.gif
24 juin 2023,THEATRE ANTIQUE VAISON,VAISON LA ROMAINE,FESTIVAL - AUTRES FESTIVALS,45.0,REDOUANE BOUGHERABA- FESTIVAL VAISON LA ROMAINE,https://static.ticketmaster.fr/static/images/vignettes/n_redouane-bougheraba.gif
16 juil. 2023,ARENES DE NIMES,NIMES,FESTIVAL - FESTIVAL MUSIQUE,43.5,FESTIVAL DE NIMES- CHRISTOPHE MAE,https://static.ticketmaster.fr/static/images/vignettes/n_christophe-mae.gif
4 au 5 mars 2023,CAPITOLE EN CHAMPAGNE,CHALONS EN CHAMPAGNE,FESTIVAL - FESTIVAL MAGIE,35.0,FESTIVAL MONDIAL DE LA MAGIE,https://static.ticketmaster.fr/static/images/vignettes/n_festival-mondial-de-la-magie.gif
25 juin 2023,ARENES DE NIMES,NIMES,FESTIVAL - FESTIVAL MUSIQUE,46.0,FESTIVAL DE NIMES- SELAH SUE- SIMPLY RED,https://static.ticketmaster.fr/static/images/vignettes/a_542008.gif
1 juil. 2023,AIRE DE REPARATION NAVALE,LORIENT,FESTIVAL - FESTIVAL MUSIQUE,39.0,FESTIVAL LORIENT OCEANS- BERNARD LAVILLIERS- CLAUDIO CAPEO- CORINE- URELIA,https://static.ticketmaster.fr/static/images/vignettes/a_542084.gif
4 juil. 2023,ARENES DE NIMES,NIMES,FESTIVAL - FESTIVAL MUSIQUE,46.0,FESTIVAL DE NIMES- SPOON- THE BLACK KEYS,https://static.ticketmaster.fr/static/images/vignettes/a_541569.gif
5 au 8 juil. 2023,ESPLANADE DU LAC,AIX LES BAINS,FESTIVAL - FESTIVAL MUSIQUE,66.0,MUSILAC FESTIVAL- INDOCHINE- SHAKA PONK- IGGY POP- IZIA- VITALIC- FRANZ FERDINAND- LOMEPAL,https://static.ticketmaster.fr/static/images/vignettes/a_542549.gif
15 juil. 2023,ARENES DE NIMES,NIMES,FESTIVAL - FESTIVAL MUSIQUE,46.0,FESTIVAL DE NIMES- SIGUR ROS- CHILLY GONZALES,https://static.ticketmaster.fr/static/images/vignettes/a_541983.gif
19 juil. 2023,LA CLAIRIERE DU BOIS CHABOT,ST LAURENT SUR SEVRE,FESTIVAL - FESTIVAL MUSIQUE,41.5,FESTIVAL DE POUPET- LORENZO- ORELSAN- LOUD- NISKA- GAZO,https://static.ticketmaster.fr/static/images/vignettes/a_542333.gif
23 juil. 2023,ESPACE DES 3 PROVINCES,BRIVE LA GAILLARDE,FESTIVAL - FESTIVAL MUSIQUE,46.5,BRIVE FESTIVAL- GIPSY KINGS- NICKY JAM- MARTIN SOLVEIG- TONINO BALIARDO,https://static.ticketmaster.fr/static/images/vignettes/a_540648.gif
23 juin 2023,ARENES DE NIMES,NIMES,FESTIVAL - FESTIVAL MUSIQUE,44.0,FESTIVAL DE NIMES- DAMSO,https://static.ticketmaster.fr/static/images/vignettes/a_543159.gif
29 juin au 3 juil. 2023,PARC DU PORT MULON,NORT SUR ERDRE,FESTIVAL - FESTIVAL MUSIQUE,47.5,"""FESTIVAL LA NUIT DE LERDRE""- INDOCHINE- LOUISE ATTAQUE- SHAKA PONK- LA FEMME- LOMEPAL",https://static.ticketmaster.fr/static/images/vignettes/a_540970.gif
6 juil. 2023,SITE DE L'EPERON,BOULOGNE SUR MER,FESTIVAL - FESTIVAL MUSIQUE,28.5,"""FESTIVAL DE LA COTE DOPALE""- LOUISE ATTAQUE",https://static.ticketmaster.fr/static/images/vignettes/a_542969.gif
12 juil. 2023,ARENES DE NIMES,NIMES,FESTIVAL - FESTIVAL MUSIQUE,40.5,LOMEPAL,https://static.ticketmaster.fr/static/images/vignettes/a_540636.gif
25 juil. 2023,THEATRE JEAN-DESCHAMPS,CARCASSONNE,FESTIVAL - FESTIVAL MUSIQUE,74.0,FESTIVAL DE CARCASSONNE- SOPRANO,https://static.ticketmaster.fr/static/images/vignettes/n_soprano.gif
1 dec. 2022 au 5 fevr. 2023,COURS FOUCAULT,MONTAUBAN,FESTIVAL - AUTRES FESTIVALS,17.0,FESTIVAL DES LANTERNES,https://static.ticketmaster.fr/static/images/vignettes/a_539124.gif
29 janv. 2023,FESTIVAL BANDE DESSINEE,ANGOULEME,FESTIVAL - FESTIVAL BANDE DESSINEE,25.0,"""FESTIVAL DE LA BD DANGOULEME""",https://static.ticketmaster.fr/static/images/vignettes/a_539334.gif
23 au 25 juin 2023,CHATEAU DE TILLOLOY,TILLOLOY,FESTIVAL - FESTIVAL MUSIQUE,15.0,RETRO C TROP FESTIVAL- MIKA- CHRIS ISAAK,https://static.ticketmaster.fr/static/images/vignettes/a_541955.gif
5 juil. 2023,THEATRE JEAN-DESCHAMPS,CARCASSONNE,FESTIVAL - FESTIVAL MUSIQUE,65.0,FESTIVAL DE CARCASSONNE- JOSE CARRERAS,https://static.ticketmaster.fr/static/images/vignettes/a_543210.gif
5 juil. 2023,THEATRE ANTIQUE VAISON,VAISON LA ROMAINE,FESTIVAL - FESTIVAL MUSIQUE,59.5,RENAUD- FESTIVAL VAISON LA ROMAINE,https://static.ticketmaster.fr/static/images/vignettes/n_renaud.gif
5 juil. 2023,BASE DE LOISIRS,ALBI,FESTIVAL - FESTIVAL MUSIQUE,37.0,FESTIVAL PAUSE GUITARE- SHAKA PONK- NGE- QUEENS OF THE STONE AGE,https://static.ticketmaster.fr/static/images/vignettes/a_540674.gif
6 juil. 2023,THEATRE JEAN-DESCHAMPS,CARCASSONNE,FESTIVAL - FESTIVAL MUSIQUE,53.0,FESTIVAL DE CARCASSONNE- LANG LANG,https://static.ticketmaster.fr/static/images/vignettes/a_542139.gif
6 juil. 2023,BASE DE LOISIRS,ALBI,FESTIVAL - FESTIVAL MUSIQUE,42.0,FESTIVAL PAUSE GUITARE- JAIN- BIGFLO ET OLI- LOMEPAL- HERVE,https://static.ticketmaster.fr/static/images/vignettes/a_540672.gif
7 au 9 juil. 2023,SITE DE KERBOULARD,SAINT NOLFF,FESTIVAL - FESTIVAL MUSIQUE,56.0,FETE DU BRUIT - ST NOLFF,https://static.ticketmaster.fr/static/images/vignettes/ticket.gif
9 juil. 2023,CHATEAU D'AUBIRY,CERET,FESTIVAL - FESTIVAL MUSIQUE,64.0,FESTIVAL LES DEFERLANTES- DAVID GUETTA- LOUISE ATTAQUE- BIGFLO ET OLI- POMME- ROSALIA- GAZO,https://static.ticketmaster.fr/static/images/vignettes/a_542408.gif
21 juil. 2023,THEATRE JEAN-DESCHAMPS,CARCASSONNE,FESTIVAL - FESTIVAL MUSIQUE,61.0,FESTIVAL DE CARCASSONNE- GIMS- DADJU,https://static.ticketmaster.fr/static/images/vignettes/n_gims-dadju.gif
22 juil. 2023,ESPACE DES 3 PROVINCES,BRIVE LA GAILLARDE,FESTIVAL - FESTIVAL MUSIQUE,46.5,BRIVE FESTIVAL- SHAKA PONK- IZIA- JULIETTE ARMANET,https://static.ticketmaster.fr/static/images/vignettes/a_540632.gif
23 juil. 2023,THEATRE JEAN-DESCHAMPS,CARCASSONNE,FESTIVAL - FESTIVAL MUSIQUE,46.0,FESTIVAL DE CARCASSONNE- JULIETTE ARMANET,https://static.ticketmaster.fr/static/images/vignettes/n_juliette-armanet.gif
4 au 6 août 2023,PRAIRIE DE LANDAOUDEC,CROZON,FESTIVAL - FESTIVAL MUSIQUE,84.0,FESTIVAL DU BOUT DU MONDE- TIKEN JAH FAKOLY- TUULETAR- LA MODA- MAKOTO SAN- SUZANNE VEGA- WATI WATIA ZOREY BAND- MEUTE- FRANZ FERDINAND- OUMOU SANGARE- ROBERTO FONSECA- LA MAISON TELLIER- WAX TAILOR- LOUISE ATTAQUE- LILA DOWNS,https://static.ticketmaster.fr/static/images/vignettes/a_542597.gif
4 au 6 août 2023,PRAIRIE DE LANDAOUDEC,CROZON,FESTIVAL - FESTIVAL MUSIQUE,41.0,FESTIVAL DU BOUT DU MONDE- TIKEN JAH FAKOLY- TUULETAR- LA MODA- MAKOTO SAN- SUZANNE VEGA- WATI WATIA ZOREY BAND- MEUTE- FRANZ FERDINAND- OUMOU SANGARE- ROBERTO FONSECA- LA MAISON TELLIER- WAX TAILOR- LOUISE ATTAQUE- LILA DOWNS,https://static.ticketmaster.fr/static/images/vignettes/a_542571.gif
26 août 2023,THEATRE ANTIQUE,ORANGE,FESTIVAL - FESTIVAL MUSIQUE,49.0,FTERLIFE,https://static.ticketmaster.fr/static/images/vignettes/a_539785.gif
19 mars 2023,CASINO BARRIERE BORDEAUX,BORDEAUX,FESTIVAL - FESTIVAL HUMOUR,29.0,LES FOUS RIRES DE BORDEAUX- PIERRE THEVENOUX,https://static.ticketmaster.fr/static/images/vignettes/n_pierre-thevenoux.gif
22 mars 2023,ELISPACE,BEAUVAIS,FESTIVAL - FESTIVAL MUSIQUE,29.2,CHARLIE WINSTON,https://static.ticketmaster.fr/static/images/vignettes/n_charlie-winston.gif
9 juin 2023,PARC PEIXOTTO,TALENCE,FESTIVAL - FESTIVAL MUSIQUE,51.2,"FESTIVAL ODP- GREGORY PORTER- JULIETTE ARMANET- ""MALO""",https://static.ticketmaster.fr/static/images/vignettes/a_542564.gif
29 juin au 1 juil. 2023,PRESQU'ILE DE MALSAUCY,BELFORT,FESTIVAL - FESTIVAL MUSIQUE,145.0,LES EUROCKEENNES DE BELFORT- INDOCHINE- SURF CURSE- WET LEG- ZOLA- DINOS- ORELSAN- LOMEPAL- JINJER- SIGUR ROS- GOJIRA- SHAKA PONK- SKRILLEX,https://static.ticketmaster.fr/static/images/vignettes/a_542351.gif
29 juin au 1 juil. 2023,PRESQU'ILE DE MALSAUCY,BELFORT,FESTIVAL - FESTIVAL MUSIQUE,62.0,LES EUROCKEENNES DE BELFORT- INDOCHINE- SURF CURSE- WET LEG- ZOLA- DINOS- ORELSAN- LOMEPAL- JINJER- SIGUR ROS- GOJIRA- SHAKA PONK- SKRILLEX,https://static.ticketmaster.fr/static/images/vignettes/a_542335.gif
21 juil. 2023,LA CLAIRIERE DU BOIS CHABOT,ST LAURENT SUR SEVRE,FESTIVAL - FESTIVAL MUSIQUE,41.5,FESTIVAL DE POUPET,https://static.ticketmaster.fr/static/images/vignettes/a_542342.gif
26 au 29 janv. 2023,FESTIVAL BANDE DESSINEE,ANGOULEME,FESTIVAL - FESTIVAL BANDE DESSINEE,11.0,"""FESTIVAL DE LA BD DANGOULEME""",https://static.ticketmaster.fr/static/images/vignettes/a_539335.gif
28 janv. 2023,L'AGORA,JAUNAY MARIGNY,FESTIVAL - FESTIVAL HUMOUR,27.2,"FESTIVAL LES CLANS DU RIRE- ""MES COPAINS DABORD""",https://static.ticketmaster.fr/static/images/vignettes/a_539080.gif
2 fevr. 2023,LE METRONUM,TOULOUSE,FESTIVAL - FESTIVAL MUSIQUE,27.2,DEBOUT SUR LE ZINC,https://static.ticketmaster.fr/static/images/vignettes/n_debout-sur-le-zinc.gif
4 fevr. 2023,THEATRE DES MAZADES,TOULOUSE,FESTIVAL - FESTIVAL MUSIQUE,20.0,LOIC LANTOINE- MARC NAMMOUR,https://static.ticketmaster.fr/static/images/vignettes/ticket.gif
11 fevr. 2023,CENTRE DES CONGRES,ST ETIENNE,FESTIVAL - FESTIVAL HUMOUR,29.2,"RCOMIK FESTIVAL- ""MARIE SINFILTRE""",https://static.ticketmaster.fr/static/images/vignettes/n_marie-s-infiltre.gif
18 mars 2023,MALADRERIE SAINT LAZARE,BEAUVAIS,FESTIVAL - FESTIVAL MUSIQUE,27.2,FESTIVAL LE BLUES AUTOUR DU ZINC- ELECTRO DELUXE,https://static.ticketmaster.fr/static/images/vignettes/a_541611.gif
19 mars 2023,THEATRE FEMINA,BORDEAUX,FESTIVAL - FESTIVAL HUMOUR,33.0,LES FOUS RIRES DE BORDEAUX- MARC ANTOINE LE BRET,https://static.ticketmaster.fr/static/images/vignettes/n_marc-antoine-le-bret.gif
14 au 16 avr. 2023,Parc des Expositions,MEJANNES LES ALES,FESTIVAL - FESTIVAL MUSIQUE,26.0,FESTIVAL DE LA MEUH FOLLE,https://static.ticketmaster.fr/static/images/vignettes/ticket.gif
15 avr. 2023,CABARET BOTANIQUE,RENNES,FESTIVAL - FESTIVAL MUSIQUE,38.0,DE,https://static.ticketmaster.fr/static/images/vignettes/n_ade.gif
8 juin 2023,PARC PEIXOTTO,TALENCE,FESTIVAL - FESTIVAL MUSIQUE,51.2,FESTIVAL ODP- MIKA- TROIS CAFES GOURMANDS- JULIEN GRANEL,https://static.ticketmaster.fr/static/images/vignettes/a_542562.gif
9 au 11 juin 2023,PARC GAALGEBIERG,ESCH SUR ALZETTE,FESTIVAL - FESTIVAL MUSIQUE,50.23,LES FRANCOFOLIES ESCH SUR ALZETTE- LOUISE ATTAQUE- DJ SNAKE- IZIA- ORELSAN- LE MEDECIN MALGRE LUI- LOS ANGELES 1990- BIGA RANX,https://static.ticketmaster.fr/static/images/vignettes/a_540807.gif
29 juin au 1 juil. 2023,ALUNA FESTIVAL,RUOMS,FESTIVAL - FESTIVAL MUSIQUE,142.0,"LUNA FESTIVAL- DE- ROUQUINE- R.CAN- ORELSAN- ""MALO""- KUNGS- FLORENT PAGNY- NAAMAN- MADEMOISELLE K- BIGFLO ET OLI- DUB INC- JAIN- FAADA FREDDY- SHAKA PONK- OETE",https://static.ticketmaster.fr/static/images/vignettes/a_540107.gif
30 juin au 2 juil. 2023,PARC DU LOUVRE-BOBITAL,BOBITAL,FESTIVAL - FESTIVAL MUSIQUE,37.5,FESTIVAL BOBITAL,https://static.ticketmaster.fr/static/images/vignettes/a_542921.gif
30 juin 2023,THEATRE ANTIQUE VAISON,VAISON LA ROMAINE,FESTIVAL - AUTRES FESTIVALS,45.0,MAXIME GASTEUIL- FESTIVAL VAISON LA ROMAINE,https://static.ticketmaster.fr/static/images/vignettes/n_maxime-gasteuil.gif
2 juil. 2023,ARENES DE NIMES,NIMES,FESTIVAL - FESTIVAL MUSIQUE,57.0,FESTIVAL DE NIMES- GOJIRA,https://static.ticketmaster.fr/static/images/vignettes/a_542498.gif
8 juil. 2023,CHATEAU D'AUBIRY,CERET,FESTIVAL - FESTIVAL MUSIQUE,64.0,FESTIVAL LES DEFERLANTES- SOPRANO- INDOCHINE- DELUXE- DE,https://static.ticketmaster.fr/static/images/vignettes/a_542409.gif
8 juil. 2023,THEATRE ANTIQUE,VIENNE,FESTIVAL - FESTIVAL MUSIQUE,32.0,FESTIVAL JAZZ A VIENNE- ELECTRO DELUXE- MEUTE,https://static.ticketmaster.fr/static/images/vignettes/a_540315.gif
11 juil. 2023,THEATRE ANTIQUE,VIENNE,FESTIVAL - FESTIVAL MUSIQUE,32.0,FESTIVAL JAZZ A VIENNE- NORAH JONES- MAVIS STAPLES,https://static.ticketmaster.fr/static/images/vignettes/a_540337.gif
15 juil. 2023,LA SIRENE,LA ROCHELLE,FESTIVAL - FESTIVAL MUSIQUE,29.0,LES FRANCOFOLIES DE LA ROCHELLE- YUKSEK- FOLAMOUR,https://static.ticketmaster.fr/static/images/vignettes/a_540731.gif
19 juil. 2023,THEATRE JEAN-DESCHAMPS,CARCASSONNE,FESTIVAL - FESTIVAL MUSIQUE,60.0,-M-- FESTIVAL DE CARCASSONNE,https://static.ticketmaster.fr/static/images/vignettes/a_541556.gif
20 juil. 2023,DOMAINE DE FONTBLANCHE,VITROLLES,FESTIVAL - FESTIVAL MUSIQUE,46.0,FESTIVAL JARDIN SONORE- BEN HARPER- THE INNOCENT CRIMINALS,https://static.ticketmaster.fr/static/images/vignettes/a_543188.gif
21 juil. 2023,ESPACE DES 3 PROVINCES,BRIVE LA GAILLARDE,FESTIVAL - FESTIVAL MUSIQUE,46.5,BRIVE FESTIVAL- LOMEPAL- PIERRE DE MAERE,https://static.ticketmaster.fr/static/images/vignettes/a_540628.gif
27 au 29 juil. 2023,PLACE DU MARECHAL LECLERC,CIVRAY,FESTIVAL - FESTIVAL MUSIQUE,43.5,FESTIVAL AU FIL DU SON- DUB INC- LORENZO- NGELE,https://static.ticketmaster.fr/static/images/vignettes/a_542254.gif
5 au 6 août 2023,PRAIRIE DE LANDAOUDEC,CROZON,FESTIVAL - FESTIVAL MUSIQUE,70.1,FESTIVAL DU BOUT DU MONDE- TIKEN JAH FAKOLY- LA MODA- MAKOTO SAN- SUZANNE VEGA- WATI WATIA ZOREY BAND- MEUTE- FRANZ FERDINAND- OUMOU SANGARE- ROBERTO FONSECA- LA MAISON TELLIER- WAX TAILOR- LOUISE ATTAQUE- TUULETAR,https://static.ticketmaster.fr/static/images/vignettes/a_542582.gif
20 mars 2023,CASINO BARRIERE BORDEAUX,BORDEAUX,FESTIVAL - FESTIVAL HUMOUR,29.0,LES FOUS RIRES DE BORDEAUX- MORGANE CADIGNAN,https://static.ticketmaster.fr/static/images/vignettes/n_morgane-cadignan.gif
22 mars 2023,THEATRE FEMINA,BORDEAUX,FESTIVAL - FESTIVAL HUMOUR,35.0,LES FOUS RIRES DE BORDEAUX- FLORENT PEYRE,https://static.ticketmaster.fr/static/images/vignettes/n_florent-peyre.gif
24 mars 2023,THEATRE TRIANON,BORDEAUX,FESTIVAL - FESTIVAL HUMOUR,24.0,LES FOUS RIRES DE BORDEAUX- ELISABETH BUFFET,https://static.ticketmaster.fr/static/images/vignettes/n_elisabeth-buffet.gif
8 juil. 2023,OPEN AIR,FURDENHEIM,FESTIVAL - FESTIVAL MUSIQUE,34.0,"""FESTIVAL VENTS DEST""- PASSI- MASTERBOY- OPHELIE WINTER",https://static.ticketmaster.fr/static/images/vignettes/a_541386.gif
9 juil. 2023,CHATEAU DE BEAUREGARD,HEROUVILLE ST CLAIR,FESTIVAL - FESTIVAL MUSIQUE,59.0,FESTIVAL BEAUREGARD- SHAKA PONK- IRBOURNE- STING- TIAKOLA,https://static.ticketmaster.fr/static/images/vignettes/a_542039.gif
10 juil. 2023,ARENES DE NIMES,NIMES,FESTIVAL - FESTIVAL MUSIQUE,73.5,SAM SMITH- FESTIVAL DE NIMES,https://static.ticketmaster.fr/static/images/vignettes/a_541823.gif
14 juil. 2023,ESPLANADE ST-JEAN D'ACRE,LA ROCHELLE,FESTIVAL - FESTIVAL MUSIQUE,55.0,LES FRANCOFOLIES DE LA ROCHELLE- DJ SNAKE- DISIZ,https://static.ticketmaster.fr/static/images/vignettes/a_540720.gif
15 juil. 2023,ESPLANADE ST-JEAN D'ACRE,LA ROCHELLE,FESTIVAL - FESTIVAL MUSIQUE,50.0,LES FRANCOFOLIES DE LA ROCHELLE- SOPRANO- CHILLA- DJADJA ET DINAZ- TIAKOLA,https://static.ticketmaster.fr/static/images/vignettes/a_540722.gif
16 juil. 2023,ESPLANADE ST-JEAN D'ACRE,LA ROCHELLE,FESTIVAL - FESTIVAL MUSIQUE,50.0,LES FRANCOFOLIES DE LA ROCHELLE- MICHEL POLNAREFF- LOUISE ATTAQUE- MATMATAH- POMME,https://static.ticketmaster.fr/static/images/vignettes/a_540723.gif
7 sept. 2023,PARC DES EXPOSITIONS DU GRAND CAHORS,FONTANES,FESTIVAL - FESTIVAL MUSIQUE,36.0,FESTIVAL LE LOT EN MEULE BLEUE- MIR,https://static.ticketmaster.fr/static/images/vignettes/a_542662.gif
1 dec. 2022 au 5 fevr. 2023,COURS FOUCAULT,MONTAUBAN,FESTIVAL - AUTRES FESTIVALS,15.0,FESTIVAL DES LANTERNES,https://static.ticketmaster.fr/static/images/vignettes/a_539063.gif
6 au 7 janv. 2023,ESPACE ANGLEO,LES ANGLES,FESTIVAL - FESTIVAL MUSIQUE,30.0,GAROSNOW- FEDER- POPOF- BETTY- ED BANGER PARTY- VOILAAA SOUND SYSTEM- MYD- MARINA TRENCH,https://static.ticketmaster.fr/static/images/vignettes/a_540998.gif
6 au 7 janv. 2023,ESPACE ANGLEO,LES ANGLES,FESTIVAL - FESTIVAL MUSIQUE,53.0,GAROSNOW- FEDER- POPOF- BETTY- ED BANGER PARTY- VOILAAA SOUND SYSTEM- MYD- MARINA TRENCH,https://static.ticketmaster.fr/static/images/vignettes/a_540992.gif
20 au 21 janv. 2023,COMPLEXE DU CASINO,BAGNERES DE LUCHON,FESTIVAL - FESTIVAL MUSIQUE,30.0,GAROSNOW,https://static.ticketmaster.fr/static/images/vignettes/a_541001.gif
20 au 21 janv. 2023,COMPLEXE DU CASINO,BAGNERES DE LUCHON,FESTIVAL - FESTIVAL MUSIQUE,53.0,GAROSNOW,https://static.ticketmaster.fr/static/images/vignettes/a_540995.gif
26 au 29 janv. 2023,FESTIVAL BANDE DESSINEE,ANGOULEME,FESTIVAL - FESTIVAL BANDE DESSINEE,21.0,"""FESTIVAL DE LA BD DANGOULEME""",https://static.ticketmaster.fr/static/images/vignettes/a_539342.gif
26 au 28 janv. 2023,LES BAINS DOUCHES,MONTBELIARD,FESTIVAL - FESTIVAL HUMOUR,12.0,PIERRE THEVENOUX- TRISTAN LUCAS- LEXIS LE ROSSIGNOL,https://static.ticketmaster.fr/static/images/vignettes/n_les-quatre-saisons.gif
27 janv. 2023,SALLE DES FETES,LAUNAGUET,FESTIVAL - FESTIVAL MUSIQUE,12.0,YANNICK JAULIN,https://static.ticketmaster.fr/static/images/vignettes/ticket.gif
28 janv. 2023,SALLE LE JULES VERNE,MONTBELIARD,FESTIVAL - FESTIVAL HUMOUR,12.0,PIERRE THEVENOUX,https://static.ticketmaster.fr/static/images/vignettes/n_les-quatre-saisons.gif
2 fevr. 2023,CENTRE DES CONGRES,ST ETIENNE,FESTIVAL - FESTIVAL HUMOUR,31.2,RCOMIK FESTIVAL- REDOUANE BOUGHERABA,https://static.ticketmaster.fr/static/images/vignettes/n_redouane-bougheraba.gif
8 fevr. 2023,LA FORGE,LE CHAMBON FEUGEROLLES,FESTIVAL - FESTIVAL DANSE,17.0,RCOMIK FESTIVAL,https://static.ticketmaster.fr/static/images/vignettes/ticket.gif
9 fevr. 2023,LE VIP,ST NAZAIRE,FESTIVAL - FESTIVAL MUSIQUE,12.0,"""WAVE OSOUND FESTIVAL""",https://static.ticketmaster.fr/static/images/vignettes/a_543343.gif
9 fevr. 2023,CENTRE DES CONGRES,ST ETIENNE,FESTIVAL - FESTIVAL HUMOUR,29.2,RCOMIK FESTIVAL- LAURA FELPIN,https://static.ticketmaster.fr/static/images/vignettes/n_laura-felpin.gif
10 au 11 fevr. 2023,LE CARRE DES FORGES,FARGUES ST HILAIRE,FESTIVAL - FESTIVAL MUSIQUE,42.5,TRIBUTE NIGHTS,https://static.ticketmaster.fr/static/images/vignettes/a_543075.gif
10 au 11 fevr. 2023,LE CARRE DES FORGES,FARGUES ST HILAIRE,FESTIVAL - FESTIVAL MUSIQUE,26.0,TRIBUTE NIGHTS- KIND OF QUEEN- THE OTHER VOICES,https://static.ticketmaster.fr/static/images/vignettes/a_543043.gif
10 fevr. 2023,CENTRE DES CONGRES,ST ETIENNE,FESTIVAL - FESTIVAL HUMOUR,30.2,RCOMIK FESTIVAL- FABRICE EBOUE,https://static.ticketmaster.fr/static/images/vignettes/n_fabrice-eboue.gif
11 fevr. 2023,LA CHAPELLE-LES TRINITAIRES,METZ,FESTIVAL - FESTIVAL MUSIQUE,21.0,HAUNTING THE CHAPEL- PSYKUP- THE OCEAN,https://static.ticketmaster.fr/static/images/vignettes/ticket.gif
11 au 25 fevr. 2023,L'ESCAPADE,HENIN BEAUMONT,FESTIVAL - FESTIVAL MUSIQUE,30.0,HENIN ROCK FESTIVAL,https://static.ticketmaster.fr/static/images/vignettes/a_541770.gif
11 fevr. 2023,LA FORGE,LE CHAMBON FEUGEROLLES,FESTIVAL - FESTIVAL HUMOUR,35.2,RCOMIK FESTIVAL- PAUL MIRABEL,https://static.ticketmaster.fr/static/images/vignettes/n_paul-mirabel.gif
12 fevr. 2023,CENTRE DES CONGRES,ST ETIENNE,FESTIVAL - FESTIVAL HUMOUR,30.2,RCOMIK FESTIVAL- THOMAS VDB,https://static.ticketmaster.fr/static/images/vignettes/n_thomas-vdb.gif
14 fevr. 2023,CENTRE DES CONGRES,ST ETIENNE,FESTIVAL - FESTIVAL HUMOUR,23.0,RCOMIK FESTIVAL- DEMANCHE,https://static.ticketmaster.fr/static/images/vignettes/n_arnaud-demanche.gif
15 fevr. 2023,LE FIRMAMENT,FIRMINY,FESTIVAL - FESTIVAL HUMOUR,33.2,RCOMIK FESTIVAL- ELODIE POUX,https://static.ticketmaster.fr/static/images/vignettes/n_elodie-poux.gif
16 fevr. 2023,CENTRE DES CONGRES,ST ETIENNE,FESTIVAL - FESTIVAL HUMOUR,28.2,RCOMIK FESTIVAL- THOMAS MARTY,https://static.ticketmaster.fr/static/images/vignettes/n_thomas-marty.gif
17 fevr. 2023,CENTRE DES CONGRES,ST ETIENNE,FESTIVAL - FESTIVAL HUMOUR,32.2,RCOMIK FESTIVAL- JEROME NIEL,https://static.ticketmaster.fr/static/images/vignettes/n_jerome-niel.gif
18 fevr. 2023,NARBONNE ARENA,NARBONNE,FESTIVAL - FESTIVAL MUSIQUE,49.0,RENA WINTER CLUB- VLADIMIR CAUCHEMAR- OBOY,https://static.ticketmaster.fr/static/images/vignettes/a_542311.gif
24 fevr. 2023,LA CORDO,ROMANS SUR ISERE,FESTIVAL - FESTIVAL MUSIQUE,9.0,DOMBRANCE- JOUBE,https://static.ticketmaster.fr/static/images/vignettes/ticket.gif
3 au 4 mars 2023,ALPES CONGRES-ALPEXPO,GRENOBLE,FESTIVAL - FESTIVAL MUSIQUE,75.0,FESTIVAL HOLOCENE,https://static.ticketmaster.fr/static/images/vignettes/a_538608.gif
3 mars 2023,ALPES CONGRES-ALPEXPO,GRENOBLE,FESTIVAL - FESTIVAL MUSIQUE,40.0,FESTIVAL HOLOCENE,https://static.ticketmaster.fr/static/images/vignettes/a_538606.gif
4 mars 2023,ALPES CONGRES-ALPEXPO,GRENOBLE,FESTIVAL - FESTIVAL MUSIQUE,40.0,FESTIVAL HOLOCENE,https://static.ticketmaster.fr/static/images/vignettes/a_538604.gif
9 mars 2023,6MIC,AIX EN PROVENCE,FESTIVAL - FESTIVAL MUSIQUE,25.0,FESTIVAL AVEC LE TEMPS- MARIE FLORE- EMMA PETERS,https://static.ticketmaster.fr/static/images/vignettes/a_542174.gif
9 au 11 mars 2023,CARRE D'ARGENT,PONTCHATEAU,FESTIVAL - FESTIVAL MUSIQUE,49.0,FESTIVAL LA CORDE RAIDE- LAURA COX- MERZHIN- NINA ATTAL- KO KO MO- CELKILT- SILENCE RADIO- MEDICIS- RUE DE LA FORGE,https://static.ticketmaster.fr/static/images/vignettes/ticket.gif
9 au 10 mars 2023,CARRE D'ARGENT,PONTCHATEAU,FESTIVAL - FESTIVAL MUSIQUE,33.2,FESTIVAL LA CORDE RAIDE- MERZHIN- KO KO MO- CELKILT- SILENCE RADIO- MEDICIS- RUE DE LA FORGE,https://static.ticketmaster.fr/static/images/vignettes/ticket.gif
9 au 11 mars 2023,CARRE D'ARGENT,PONTCHATEAU,FESTIVAL - FESTIVAL MUSIQUE,19.0,FESTIVAL LA CORDE RAIDE- LAURA COX- MERZHIN- NINA ATTAL- KO KO MO- CELKILT- SILENCE RADIO- MEDICIS- RUE DE LA FORGE,https://static.ticketmaster.fr/static/images/vignettes/ticket.gif
10 au 11 mars 2023,CARRE D'ARGENT,PONTCHATEAU,FESTIVAL - FESTIVAL MUSIQUE,33.2,FESTIVAL LA CORDE RAIDE- LAURA COX- MERZHIN- NINA ATTAL- CELKILT- RUE DE LA FORGE,https://static.ticketmaster.fr/static/images/vignettes/ticket.gif
10 au 12 mars 2023,ALTIGONE,ST ORENS DE GAMEVILLE,FESTIVAL - AUTRES FESTIVALS,6.0,FESTIVAL PARTANCES,https://static.ticketmaster.fr/static/images/vignettes/a_526364.gif
16 mars 2023,ESPACE JULIEN,MARSEILLE,FESTIVAL - FESTIVAL MUSIQUE,25.0,FESTIVAL AVEC LE TEMPS- FISHBACH- SINCE CHARLES- DE,https://static.ticketmaster.fr/static/images/vignettes/a_542243.gif
16 mars 2023,L'OUVRE BOITE,BEAUVAIS,FESTIVAL - FESTIVAL MUSIQUE,20.0,FESTIVAL LE BLUES AUTOUR DU ZINC- THOMAS KAHN,https://static.ticketmaster.fr/static/images/vignettes/a_541483.gif
17 au 19 mars 2023,SALLE DE L'IDONNIERE,LE POIRE SUR VIE,FESTIVAL - FESTIVAL MUSIQUE,12.0,FESTIVAL ACOUSTIC- SELAH SUE- FLORENT MARCHET- STEPHAN EICHER- RIOPY- NOVEMBER ULTRA,https://static.ticketmaster.fr/static/images/vignettes/a_542701.gif
17 mars 2023,LE MAKEDA,MARSEILLE,FESTIVAL - FESTIVAL MUSIQUE,15.0,FESTIVAL AVEC LE TEMPS- LES LOUANGES- LE NOISEUR,https://static.ticketmaster.fr/static/images/vignettes/a_542476.gif
17 mars 2023,ESPACE JULIEN,MARSEILLE,FESTIVAL - FESTIVAL MUSIQUE,20.0,FESTIVAL AVEC LE TEMPS- BAGARRE- GARGANTUA,https://static.ticketmaster.fr/static/images/vignettes/a_542258.gif
17 mars 2023,LE CUBE,LAUZACH,FESTIVAL - FESTIVAL MUSIQUE,22.0,FESTIVAL BOUGE TON CUBE- LES 3 FROMAGES- CELKILT- THE ROUGHNECK RIOT,https://static.ticketmaster.fr/static/images/vignettes/a_541488.gif
17 mars 2023,THEATRE DU BEAUVAISIS,BEAUVAIS,FESTIVAL - FESTIVAL MUSIQUE,25.0,BIRELI LAGRENE- FESTIVAL LE BLUES AUTOUR DU ZINC- THEO CHARAF,https://static.ticketmaster.fr/static/images/vignettes/a_539359.gif
17 au 18 mars 2023,PARKING BULLIDOR,PAS DE LA CASA,FESTIVAL - FESTIVAL MUSIQUE,84.5,HIBERNATION FESTIVAL,https://static.ticketmaster.fr/static/images/vignettes/a_539211.gif
17 au 18 mars 2023,PARKING BULLIDOR,PAS DE LA CASA,FESTIVAL - FESTIVAL MUSIQUE,47.99,HIBERNATION FESTIVAL,https://static.ticketmaster.fr/static/images/vignettes/a_539210.gif
17 au 19 mars 2023,DOME DE MUTZIG,MUTZIG,FESTIVAL - FESTIVAL MUSIQUE,27.2,"""DIRT N DUST FEST""- LES SALES MAJESTES- TOYBLOID- BUKOWSKI- BAGDAD RODEO- LES 3 FROMAGES- DEVOTION TO SUFFERING- DARCY",https://static.ticketmaster.fr/static/images/vignettes/ticket.gif
17 mars 2023,THEATRE MUNICIPAL JEAN ALARY,CARCASSONNE,FESTIVAL - FESTIVAL MUSIQUE,29.0,UNE SITUATION DELICATE- GERARD DARMON,https://static.ticketmaster.fr/static/images/vignettes/n_une-situation-delicate.gif
18 mars 2023,LE CUBE,LAUZACH,FESTIVAL - FESTIVAL MUSIQUE,22.0,FESTIVAL BOUGE TON CUBE- SMOOTH MOTION- NO MONEY KIDS- LAGON TRIO- DOCTOR VICTOR,https://static.ticketmaster.fr/static/images/vignettes/a_541500.gif
18 au 19 mars 2023,DOME DE MUTZIG,MUTZIG,FESTIVAL - FESTIVAL MUSIQUE,45.0,"""DIRT N DUST FEST""",https://static.ticketmaster.fr/static/images/vignettes/ticket.gif
18 mars 2023,LA NOUVELLE COMEDIE GALLIEN,BORDEAUX,FESTIVAL - FESTIVAL HUMOUR,22.0,LES FOUS RIRES DE BORDEAUX- BUN HAY MEAN,https://static.ticketmaster.fr/static/images/vignettes/n_bun-hay-mean.gif
18 mars 2023,L'INOX,BORDEAUX,FESTIVAL - FESTIVAL HUMOUR,15.0,LES FOUS RIRES DE BORDEAUX- MALIK FARES,https://static.ticketmaster.fr/static/images/vignettes/a_535170.gif
18 mars 2023,THEATRE TRIANON,BORDEAUX,FESTIVAL - FESTIVAL HUMOUR,24.0,LES FOUS RIRES DE BORDEAUX,https://static.ticketmaster.fr/static/images/vignettes/a_535162.gif
18 mars 2023,THEATRE FEMINA,BORDEAUX,FESTIVAL - FESTIVAL HUMOUR,33.0,LES FOUS RIRES DE BORDEAUX- LEX JAFFRAY- CHEF AND THE GANG,https://static.ticketmaster.fr/static/images/vignettes/a_535122.gif
19 mars 2023,LA NOUVELLE COMEDIE GALLIEN,BORDEAUX,FESTIVAL - FESTIVAL HUMOUR,22.0,LES FOUS RIRES DE BORDEAUX- CLEMENT BLOUIN,https://static.ticketmaster.fr/static/images/vignettes/n_clement-blouin.gif
19 mars 2023,THEATRE TRIANON,BORDEAUX,FESTIVAL - FESTIVAL HUMOUR,24.0,LES FOUS RIRES DE BORDEAUX- HMED SPARROW,https://static.ticketmaster.fr/static/images/vignettes/a_535163.gif
20 mars 2023,MALADRERIE SAINT LAZARE,BEAUVAIS,FESTIVAL - FESTIVAL MUSIQUE,32.2,FESTIVAL LE BLUES AUTOUR DU ZINC- SUZANNE VEGA,https://static.ticketmaster.fr/static/images/vignettes/n_suzanne-vega.gif
20 mars 2023,THEATRE FEMINA,BORDEAUX,FESTIVAL - FESTIVAL HUMOUR,35.0,LES FOUS RIRES DE BORDEAUX- BAPTISTE LECAPLAIN- INGLORIOUS COMEDY CLUB- GEREMY CREDEVILLE- TANIA DUTEL- LA BAJON- PIERRE THEVENOUX,https://static.ticketmaster.fr/static/images/vignettes/a_535354.gif
20 mars 2023,LA NOUVELLE COMEDIE GALLIEN,BORDEAUX,FESTIVAL - FESTIVAL HUMOUR,22.0,LES FOUS RIRES DE BORDEAUX- JESSE,https://static.ticketmaster.fr/static/images/vignettes/a_535174.gif
20 mars 2023,THEATRE TRIANON,BORDEAUX,FESTIVAL - FESTIVAL HUMOUR,24.0,LES FOUS RIRES DE BORDEAUX- DOULLY,https://static.ticketmaster.fr/static/images/vignettes/a_535164.gif
21 mars 2023,MALADRERIE SAINT LAZARE,BEAUVAIS,FESTIVAL - FESTIVAL MUSIQUE,22.0,FESTIVAL LE BLUES AUTOUR DU ZINC,https://static.ticketmaster.fr/static/images/vignettes/a_541871.gif
21 mars 2023,THEATRE MOLIERE,BORDEAUX,FESTIVAL - FESTIVAL HUMOUR,23.0,LES FOUS RIRES DE BORDEAUX- LES JUMEAUX,https://static.ticketmaster.fr/static/images/vignettes/a_535413.gif
21 mars 2023,THEATRE FEMINA,BORDEAUX,FESTIVAL - FESTIVAL HUMOUR,36.0,LES FOUS RIRES DE BORDEAUX- LAURENT BAFFIE,https://static.ticketmaster.fr/static/images/vignettes/n_laurent-baffie.gif
21 mars 2023,LA NOUVELLE COMEDIE GALLIEN,BORDEAUX,FESTIVAL - FESTIVAL HUMOUR,22.0,LES FOUS RIRES DE BORDEAUX,https://static.ticketmaster.fr/static/images/vignettes/a_535175.gif
21 mars 2023,THEATRE TRIANON,BORDEAUX,FESTIVAL - FESTIVAL HUMOUR,24.0,LES FOUS RIRES DE BORDEAUX- EDGAR-YVES MONNOU,https://static.ticketmaster.fr/static/images/vignettes/a_535165.gif
22 mars 2023,CASINO BARRIERE BORDEAUX,BORDEAUX,FESTIVAL - FESTIVAL HUMOUR,29.0,LES FOUS RIRES DE BORDEAUX- FRANJO,https://static.ticketmaster.fr/static/images/vignettes/n_franjo.gif
22 mars 2023,THEATRE MOLIERE,BORDEAUX,FESTIVAL - FESTIVAL HUMOUR,23.0,INNO JP- LES FOUS RIRES DE BORDEAUX,https://static.ticketmaster.fr/static/images/vignettes/a_535181.gif
22 mars 2023,LA NOUVELLE COMEDIE GALLIEN,BORDEAUX,FESTIVAL - FESTIVAL HUMOUR,22.0,LES FOUS RIRES DE BORDEAUX- MBROISE ET XAVIER,https://static.ticketmaster.fr/static/images/vignettes/n_ambroise-xavier.gif
22 mars 2023,THEATRE TRIANON,BORDEAUX,FESTIVAL - FESTIVAL HUMOUR,24.0,LES FOUS RIRES DE BORDEAUX- JEREMY LORCA,https://static.ticketmaster.fr/static/images/vignettes/a_535166.gif
23 mars 2023,THEATRE VICTOIRE,BORDEAUX,FESTIVAL - FESTIVAL HUMOUR,15.0,LES FOUS RIRES DE BORDEAUX,https://static.ticketmaster.fr/static/images/vignettes/ticket.gif
23 mars 2023,LA SALLE DES FETES,BORDEAUX,FESTIVAL - FESTIVAL HUMOUR,21.0,"LES FOUS RIRES DE BORDEAUX- ""CATCH DIMPROVISATION""",https://static.ticketmaster.fr/static/images/vignettes/a_535359.gif
23 mars 2023,LA NOUVELLE COMEDIE GALLIEN,BORDEAUX,FESTIVAL - FESTIVAL HUMOUR,22.0,LES FOUS RIRES DE BORDEAUX- MATTHIEU PENCHINAT,https://static.ticketmaster.fr/static/images/vignettes/a_535177.gif
23 mars 2023,THEATRE TRIANON,BORDEAUX,FESTIVAL - FESTIVAL HUMOUR,24.0,"LES FOUS RIRES DE BORDEAUX- ""LE PRIX DE LASCENSION""",https://static.ticketmaster.fr/static/images/vignettes/a_535167.gif
23 mars 2023,THEATRE FEMINA,BORDEAUX,FESTIVAL - FESTIVAL HUMOUR,35.0,LES FOUS RIRES DE BORDEAUX- THOMAS VDB,https://static.ticketmaster.fr/static/images/vignettes/n_thomas-vdb.gif
24 au 25 mars 2023,PARC DES EXPOSITIONS DE POITIERS,POITIERS,FESTIVAL - FESTIVAL MUSIQUE,22.0,FESTIVAL HORS SERIE,https://static.ticketmaster.fr/static/images/vignettes/a_542608.gif
24 au 25 mars 2023,PARC DES EXPOSITIONS DE POITIERS,POITIERS,FESTIVAL - FESTIVAL MUSIQUE,14.5,FESTIVAL HORS SERIE,https://static.ticketmaster.fr/static/images/vignettes/a_542586.gif
24 mars 2023,THEATRE VICTOIRE,BORDEAUX,FESTIVAL - FESTIVAL HUMOUR,15.0,LES FOUS RIRES DE BORDEAUX,https://static.ticketmaster.fr/static/images/vignettes/a_536151.gif
24 mars 2023,LA NOUVELLE COMEDIE GALLIEN,BORDEAUX,FESTIVAL - FESTIVAL HUMOUR,22.0,LES FOUS RIRES DE BORDEAUX- LOUIS CHAPPEY,https://static.ticketmaster.fr/static/images/vignettes/a_535178.gif
24 mars 2023,THEATRE FEMINA,BORDEAUX,FESTIVAL - FESTIVAL HUMOUR,33.0,LES FOUS RIRES DE BORDEAUX- DJIMO,https://static.ticketmaster.fr/static/images/vignettes/n_djimo.gif
25 mars 2023,THEATRE FEMINA,BORDEAUX,FESTIVAL - FESTIVAL HUMOUR,36.0,HAKIM JEMILI,https://static.ticketmaster.fr/static/images/vignettes/a_543008.gif
25 mars 2023,ELISPACE,BEAUVAIS,FESTIVAL - FESTIVAL MUSIQUE,16.0,BLV TAPTOE SHOW,https://static.ticketmaster.fr/static/images/vignettes/a_541663.gif
25 mars 2023,CENTRE CULTUREL ST RENAN,ST RENAN,FESTIVAL - FESTIVAL MUSIQUE,23.0,LES PETITES FOLIES A SAINT-RENAN- FESTIVAL LES PETITES FOLIES,https://static.ticketmaster.fr/static/images/vignettes/a_537982.gif
25 mars 2023,LA NOUVELLE COMEDIE GALLIEN,BORDEAUX,FESTIVAL - FESTIVAL HUMOUR,22.0,LES FOUS RIRES DE BORDEAUX,https://static.ticketmaster.fr/static/images/vignettes/a_535179.gif
25 mars 2023,THEATRE TRIANON,BORDEAUX,FESTIVAL - FESTIVAL HUMOUR,28.0,LES FOUS RIRES DE BORDEAUX- YMERIC LOMPRET,https://static.ticketmaster.fr/static/images/vignettes/a_535169.gif
26 mars 2023,MALADRERIE SAINT LAZARE,BEAUVAIS,FESTIVAL - FESTIVAL MUSIQUE,27.2,FESTIVAL LE BLUES AUTOUR DU ZINC,https://static.ticketmaster.fr/static/images/vignettes/a_541873.gif
29 mars 2023,LA SEINE MUSICALE,BOULOGNE BILLANCOURT,FESTIVAL - FESTIVAL JEUNE PUBLIC,12.0,FESTIVAL CHORUS DES ENFANTS- FESTIVAL CHORUS DES HAUTS DE SEINE- LA PETITE TAUPE,https://static.ticketmaster.fr/static/images/vignettes/a_542715.gif
29 mars 2023,LA SEINE MUSICALE,BOULOGNE BILLANCOURT,FESTIVAL - FESTIVAL MUSIQUE,12.0,FESTIVAL CHORUS DES ENFANTS- FESTIVAL CHORUS DES HAUTS DE SEINE- NINOS ET LES REVES VOLES,https://static.ticketmaster.fr/static/images/vignettes/ticket.gif
29 mars 2023,LA SEINE MUSICALE,BOULOGNE BILLANCOURT,FESTIVAL - FESTIVAL MUSIQUE,12.0,FESTIVAL CHORUS DES ENFANTS- FESTIVAL CHORUS DES HAUTS DE SEINE- CY ET JU,https://static.ticketmaster.fr/static/images/vignettes/a_542709.gif
29 mars 2023,SEINE MUSICALE,BOULOGNE BILLANCOURT,FESTIVAL - FESTIVAL MUSIQUE,14.0,FESTIVAL CHORUS DES ENFANTS- FESTIVAL CHORUS DES HAUTS DE SEINE- ERNEST & CELESTINE,https://static.ticketmaster.fr/static/images/vignettes/a_542686.gif
29 mars 2023,LA SEINE MUSICALE,BOULOGNE BILLANCOURT,FESTIVAL - FESTIVAL MUSIQUE,12.0,MONSIEUR LUNE- FESTIVAL CHORUS DES HAUTS DE SEINE- FESTIVAL CHORUS DES ENFANTS,https://static.ticketmaster.fr/static/images/vignettes/ticket.gif
29 mars 2023,LA SEINE MUSICALE,BOULOGNE BILLANCOURT,FESTIVAL - FESTIVAL JEUNE PUBLIC,12.0,FESTIVAL CHORUS DES ENFANTS- FESTIVAL CHORUS DES HAUTS DE SEINE- FRANCKY GOES TO POINTE-A-PITRE,https://static.ticketmaster.fr/static/images/vignettes/ticket.gif
29 mars 2023,SEINE MUSICALE,BOULOGNE BILLANCOURT,FESTIVAL - FESTIVAL MUSIQUE,12.0,FESTIVAL CHORUS DES ENFANTS- FESTIVAL CHORUS DES HAUTS DE SEINE- JAMAIS CONTENTS !,https://static.ticketmaster.fr/static/images/vignettes/ticket.gif
29 mars 2023,SEINE MUSICALE,BOULOGNE BILLANCOURT,FESTIVAL - FESTIVAL JEUNE PUBLIC,12.0,FESTIVAL CHORUS DES ENFANTS- FESTIVAL CHORUS DES HAUTS DE SEINE- RICK LE CUBE,https://static.ticketmaster.fr/static/images/vignettes/a_542632.gif
29 mars 2023,LA SEINE MUSICALE,BOULOGNE BILLANCOURT,FESTIVAL - FESTIVAL JEUNE PUBLIC,12.0,FESTIVAL CHORUS DES ENFANTS- FESTIVAL CHORUS DES HAUTS DE SEINE- TILT,https://static.ticketmaster.fr/static/images/vignettes/a_542631.gif
29 mars 2023,LA SEINE MUSICALE,BOULOGNE BILLANCOURT,FESTIVAL - FESTIVAL JEUNE PUBLIC,12.0,FESTIVAL CHORUS DES ENFANTS- FESTIVAL CHORUS DES HAUTS DE SEINE- ROBINSON ET SAMEDI SOIR,https://static.ticketmaster.fr/static/images/vignettes/ticket.gif
31 mars au 2 avr. 2023,LA SEINE MUSICALE,BOULOGNE BILLANCOURT,FESTIVAL - FESTIVAL MUSIQUE,65.8,FESTIVAL CHORUS DES HAUTS DE SEINE,https://static.ticketmaster.fr/static/images/vignettes/a_542097.gif
1 avr. 2023,LA ROTONDE,CAPAVENIR VOSGES,FESTIVAL - FESTIVAL MAGIE,16.0,FESTIVAL INTERNATIONAL DE MAGIE DES VOSGES,https://static.ticketmaster.fr/static/images/vignettes/a_538198.gif
1 au 2 avr. 2023,ZENITH DE TOULON,TOULON,FESTIVAL - FESTIVAL MAGIE,35.0,FESTIVAL MONDIAL DE LA MAGIE,https://static.ticketmaster.fr/static/images/vignettes/n_festival-mondial-de-la-magie.gif
7 avr. 2023,CABARET BOTANIQUE,RENNES,FESTIVAL - FESTIVAL MUSIQUE,40.0,RARE AMERICANS- ETIENNE DE CRECY- JOHAN PAPACONSTANTINO,https://static.ticketmaster.fr/static/images/vignettes/ticket.gif
7 avr. 2023,OPERA COMEDIE,MONTPELLIER,FESTIVAL - FESTIVAL MUSIQUE,30.0,I LOVE TECHNO FESTIVAL- CID ARAB- DEENA ABDELWAHED,https://static.ticketmaster.fr/static/images/vignettes/a_540472.gif
8 avr. 2023,PARC DES EXPOSITIONS,PEROLS,FESTIVAL - FESTIVAL MUSIQUE,44.0,I LOVE TECHNO FESTIVAL- VITALIC- MIND AGAINST- CHARLOTTE DE WITTE- TRYM- CARLITA,https://static.ticketmaster.fr/static/images/vignettes/a_540473.gif
8 avr. 2023,CABARET BOTANIQUE,RENNES,FESTIVAL - FESTIVAL MUSIQUE,38.0,MENTISSA- EMMA PETERS,https://static.ticketmaster.fr/static/images/vignettes/ticket.gif
9 avr. 2023,CABARET BOTANIQUE,RENNES,FESTIVAL - FESTIVAL MUSIQUE,40.0,MIOSSEC- DOMINIQUE A,https://static.ticketmaster.fr/static/images/vignettes/ticket.gif
9 avr. 2023,HALLE TROPISME,MONTPELLIER,FESTIVAL - FESTIVAL MUSIQUE,25.0,I LOVE TECHNO FESTIVAL- DJ TENNIS,https://static.ticketmaster.fr/static/images/vignettes/a_540474.gif
9 avr. 2023,CABARET BOTANIQUE,RENNES,FESTIVAL - FESTIVAL MUSIQUE,28.0,LES GOGUETTES- LES GOGUETTES (EN TRIO MAIS A QUATRE),https://static.ticketmaster.fr/static/images/vignettes/a_538836.gif
11 avr. 2023,CABARET BOTANIQUE,RENNES,FESTIVAL - FESTIVAL MUSIQUE,38.0,LA FEMME,https://static.ticketmaster.fr/static/images/vignettes/a_543095.gif
11 avr. 2023,CABARET BOTANIQUE,RENNES,FESTIVAL - FESTIVAL MUSIQUE,28.0,LA GRANDE SOPHIE,https://static.ticketmaster.fr/static/images/vignettes/n_la-grande-sophie.gif
12 avr. 2023,CABARET BOTANIQUE,RENNES,FESTIVAL - FESTIVAL MUSIQUE,38.0,JEANNE ADDED,https://static.ticketmaster.fr/static/images/vignettes/n_jeanne-added.gif
13 avr. 2023,CABARET BOTANIQUE,RENNES,FESTIVAL - FESTIVAL MUSIQUE,38.0,GAR AGAR,https://static.ticketmaster.fr/static/images/vignettes/a_543096.gif
14 au 15 avr. 2023,Parc des Expositions,MEJANNES LES ALES,FESTIVAL - FESTIVAL MUSIQUE,38.5,FESTIVAL DE LA MEUH FOLLE,https://static.ticketmaster.fr/static/images/vignettes/ticket.gif
14 au 15 avr. 2023,SOUS CHAPITEAU,AUZITS,FESTIVAL - FESTIVAL MUSIQUE,16.0,"FESTIVAL ESTA POULIT- TAGADA JONES- ""GOULAMASK""",https://static.ticketmaster.fr/static/images/vignettes/a_539170.gif
14 avr. 2023,CABARET BOTANIQUE,RENNES,FESTIVAL - FESTIVAL MUSIQUE,38.0,VITALIC,https://static.ticketmaster.fr/static/images/vignettes/a_538839.gif
15 avr. 2023,CABARET BOTANIQUE,RENNES,FESTIVAL - FESTIVAL MUSIQUE,23.0,NUIT INCOLORE,https://static.ticketmaster.fr/static/images/vignettes/a_543097.gif
16 avr. 2023,CABARET BOTANIQUE,RENNES,FESTIVAL - FESTIVAL MUSIQUE,38.0,BIGA RANX,https://static.ticketmaster.fr/static/images/vignettes/a_543099.gif
21 au 22 avr. 2023,LA CROIX ROUGE-BAIN DE BRETAGNE,BAIN DE BRETAGNE,FESTIVAL - FESTIVAL MUSIQUE,39.0,BAIN DE BLUES FESTIVAL,https://static.ticketmaster.fr/static/images/vignettes/a_541563.gif
21 au 22 avr. 2023,LA CROIX ROUGE-BAIN DE BRETAGNE,BAIN DE BRETAGNE,FESTIVAL - FESTIVAL MUSIQUE,25.0,BAIN DE BLUES FESTIVAL,https://static.ticketmaster.fr/static/images/vignettes/a_541548.gif
22 avr. 2023,ROCKHAL,ESCH/ALZETTE,FESTIVAL - FESTIVAL MUSIQUE,66.0,MOOZIKA FESTIVAL,https://static.ticketmaster.fr/static/images/vignettes/a_526568.gif
6 mai 2023,BOURSE DU TRAVAIL,LYON,FESTIVAL - FESTIVAL HUMOUR,17.0,FESTIVAL LES LIONS DU RIRE,https://static.ticketmaster.fr/static/images/vignettes/a_537086.gif
12 mai 2023,LA ROTONDE,CHATEAURENARD,FESTIVAL - FESTIVAL MUSIQUE,17.0,SIDERO FESTIVAL- LANDMVRKS- (NO) HOPE IN SIGHT- CEILD,https://static.ticketmaster.fr/static/images/vignettes/a_542341.gif
12 au 13 mai 2023,SITE PAYANT PLACE DE HERCÉ,LAVAL,FESTIVAL - FESTIVAL MUSIQUE,61.0,FESTIVAL LES TROIS ELEPHANTS- GUTS- SUZANE- BIRDS IN ROW- ZOLA- TIAKOLA- MEHDI MAIZI- WINNTERZUKO- MOUSE PARTY,https://static.ticketmaster.fr/static/images/vignettes/a_540689.gif
12 au 13 mai 2023,SITE PAYANT PLACE DE HERCÉ,LAVAL,FESTIVAL - FESTIVAL MUSIQUE,37.5,ZOLA- GUTS- FESTIVAL LES TROIS ELEPHANTS- SUZANE- BIRDS IN ROW- TIAKOLA- MEHDI MAIZI- WINNTERZUKO- MOUSE PARTY,https://static.ticketmaster.fr/static/images/vignettes/a_540688.gif
18 au 20 mai 2023,ZONE DE LOISIRS,BEAUTOR,FESTIVAL - FESTIVAL MUSIQUE,63.0,"""LARSENAL ROCK FESTIVAL""- ELMER FOOD BEAT- TAGADA JONES- LES SALES MAJESTES- GUERILLA POUBELLE- LES 3 FROMAGES- BEN & FIST- BRIGADA FLORES MAGON",https://static.ticketmaster.fr/static/images/vignettes/a_538966.gif
18 au 20 mai 2023,ZONE DE LOISIRS,BEAUTOR,FESTIVAL - FESTIVAL MUSIQUE,20.0,"""LARSENAL ROCK FESTIVAL""- ELMER FOOD BEAT- TAGADA JONES- LES SALES MAJESTES- GUERILLA POUBELLE- LES 3 FROMAGES- BEN & FIST- BRIGADA FLORES MAGON",https://static.ticketmaster.fr/static/images/vignettes/a_538783.gif
18 au 20 mai 2023,ZONE DE LOISIRS,BEAUTOR,FESTIVAL - FESTIVAL MUSIQUE,15.0,"""LARSENAL ROCK FESTIVAL""- ELMER FOOD BEAT- TAGADA JONES- LES SALES MAJESTES- GUERILLA POUBELLE- LES 3 FROMAGES- BEN & FIST- BRIGADA FLORES MAGON",https://static.ticketmaster.fr/static/images/vignettes/a_538776.gif
18 au 20 mai 2023,ZONE DE LOISIRS,BEAUTOR,FESTIVAL - FESTIVAL MUSIQUE,10.0,"""LARSENAL ROCK FESTIVAL""- ELMER FOOD BEAT- TAGADA JONES- LES SALES MAJESTES- GUERILLA POUBELLE- LES 3 FROMAGES- BEN & FIST- BRIGADA FLORES MAGON",https://static.ticketmaster.fr/static/images/vignettes/a_538763.gif
19 au 21 mai 2023,ESPACE MALRAUX,GEISPOLSHEIM,FESTIVAL - FESTIVAL HUMOUR,22.0,HOLTZI FESTIVAL,https://static.ticketmaster.fr/static/images/vignettes/a_542111.gif
20 mai 2023,CHAPITO,MONDORF LES BAINS,FESTIVAL - FESTIVAL HUMOUR,49.0,LUXEMBOURG DU RIRE- BUN HAY MEAN- ILYES DJADEL- TANIA DUTEL- CHARLY NYOBE- KADER BUENO- EKLIPS- LENNY M BUNGA,https://static.ticketmaster.fr/static/images/vignettes/a_542560.gif
22 mai 2023,LA COMETE / Le Panassa,ST ETIENNE,FESTIVAL - FESTIVAL MUSIQUE,31.0,FESTIVAL PAROLES ET MUSIQUES- BERTRAND BELIN,https://static.ticketmaster.fr/static/images/vignettes/a_541986.gif
26 au 28 mai 2023,SAINT LAURENT DE CUVES,ST LAURENT DE CUVES,FESTIVAL - FESTIVAL MUSIQUE,125.0,FESTIVAL PAPILLONS DE NUIT- GAZO- NISKA- MARC LAVOINE- SOPRANO- IZIA- NAAMAN- CLAUDIO CAPEO- BIGFLO ET OLI- DE,https://static.ticketmaster.fr/static/images/vignettes/a_541285.gif
26 au 28 mai 2023,SAINT LAURENT DE CUVES,ST LAURENT DE CUVES,FESTIVAL - FESTIVAL MUSIQUE,93.5,FESTIVAL PAPILLONS DE NUIT- GAZO- NISKA- ORELSAN- MARC LAVOINE- SOPRANO- IZIA- NAAMAN- CLAUDIO CAPEO- BIGFLO ET OLI- DE,https://static.ticketmaster.fr/static/images/vignettes/a_541283.gif
26 au 28 mai 2023,SAINT LAURENT DE CUVES,ST LAURENT DE CUVES,FESTIVAL - FESTIVAL MUSIQUE,52.5,FESTIVAL PAPILLONS DE NUIT- GAZO- NISKA- ORELSAN- MARC LAVOINE- SOPRANO- IZIA- NAAMAN- CLAUDIO CAPEO- BIGFLO ET OLI- DE,https://static.ticketmaster.fr/static/images/vignettes/a_541282.gif
26 au 28 mai 2023,FESTIVAL ART ROCK,ST BRIEUC,FESTIVAL - FESTIVAL MUSIQUE,88.5,FESTIVAL ART ROCK,https://static.ticketmaster.fr/static/images/vignettes/a_540652.gif
26 au 28 mai 2023,FESTIVAL ART ROCK,ST BRIEUC,FESTIVAL - FESTIVAL MUSIQUE,98.5,FESTIVAL ART ROCK,https://static.ticketmaster.fr/static/images/vignettes/a_540637.gif
26 au 28 mai 2023,THEATRE DE VERDURE (PLEIN AIR),LAMPAUL PLOUARZEL,FESTIVAL - FESTIVAL MUSIQUE,5.6,FESTIVAL LES PETITES FOLIES,https://static.ticketmaster.fr/static/images/vignettes/a_540419.gif
26 au 28 mai 2023,THEATRE DE VERDURE (PLEIN AIR),LAMPAUL PLOUARZEL,FESTIVAL - FESTIVAL MUSIQUE,12.0,FESTIVAL LES PETITES FOLIES- BENJAMIN BIOLAY- CABALLERO & JEANJASS- MARTIN SOLVEIG- VITALIC- SKIP THE USE- GROUNDATION- LA FEMME- DELUXE- DE,https://static.ticketmaster.fr/static/images/vignettes/a_540231.gif
26 au 28 mai 2023,THEATRE DE VERDURE (PLEIN AIR),LAMPAUL PLOUARZEL,FESTIVAL - FESTIVAL MUSIQUE,7.0,FESTIVAL LES PETITES FOLIES- BENJAMIN BIOLAY- CABALLERO & JEANJASS- MARTIN SOLVEIG- VITALIC- SKIP THE USE- GROUNDATION- LA FEMME- DELUXE- DE,https://static.ticketmaster.fr/static/images/vignettes/a_540210.gif
26 au 28 mai 2023,THEATRE DE VERDURE (PLEIN AIR),LAMPAUL PLOUARZEL,FESTIVAL - FESTIVAL MUSIQUE,8.0,FESTIVAL LES PETITES FOLIES,https://static.ticketmaster.fr/static/images/vignettes/a_539020.gif
26 au 28 mai 2023,THEATRE DE VERDURE (PLEIN AIR),LAMPAUL PLOUARZEL,FESTIVAL - FESTIVAL MUSIQUE,17.0,FESTIVAL LES PETITES FOLIES- BENJAMIN BIOLAY- CABALLERO & JEANJASS- MARTIN SOLVEIG- VITALIC- SKIP THE USE- GROUNDATION- LA FEMME- DELUXE- DE,https://static.ticketmaster.fr/static/images/vignettes/a_538973.gif
26 au 27 mai 2023,THEATRE DE VERDURE (PLEIN AIR),LAMPAUL PLOUARZEL,FESTIVAL - FESTIVAL MUSIQUE,5.6,FESTIVAL LES PETITES FOLIES,https://static.ticketmaster.fr/static/images/vignettes/a_540279.gif
26 au 27 mai 2023,THEATRE DE VERDURE (PLEIN AIR),LAMPAUL PLOUARZEL,FESTIVAL - FESTIVAL MUSIQUE,5.6,FESTIVAL LES PETITES FOLIES,https://static.ticketmaster.fr/static/images/vignettes/a_540272.gif
26 au 28 mai 2023,THEATRE DE VERDURE (PLEIN AIR),LAMPAUL PLOUARZEL,FESTIVAL - FESTIVAL MUSIQUE,4.4,FESTIVAL LES PETITES FOLIES,https://static.ticketmaster.fr/static/images/vignettes/a_540257.gif
26 au 28 mai 2023,THEATRE DE VERDURE (PLEIN AIR),LAMPAUL PLOUARZEL,FESTIVAL - FESTIVAL MUSIQUE,4.4,FESTIVAL LES PETITES FOLIES- BENJAMIN BIOLAY- CABALLERO & JEANJASS- MARTIN SOLVEIG- VITALIC- SKIP THE USE- GROUNDATION- LA FEMME- DELUXE- DE,https://static.ticketmaster.fr/static/images/vignettes/a_540240.gif
26 au 28 mai 2023,THEATRE DE VERDURE (PLEIN AIR),LAMPAUL PLOUARZEL,FESTIVAL - FESTIVAL MUSIQUE,8.0,FESTIVAL LES PETITES FOLIES,https://static.ticketmaster.fr/static/images/vignettes/a_539011.gif
27 au 28 mai 2023,THEATRE DE VERDURE (PLEIN AIR),LAMPAUL PLOUARZEL,FESTIVAL - FESTIVAL MUSIQUE,5.6,FESTIVAL LES PETITES FOLIES,https://static.ticketmaster.fr/static/images/vignettes/a_540421.gif
27 au 28 mai 2023,THEATRE DE VERDURE (PLEIN AIR),LAMPAUL PLOUARZEL,FESTIVAL - FESTIVAL MUSIQUE,12.0,FESTIVAL LES PETITES FOLIES- DELUXE- GROUNDATION- VITALIC- MARTIN SOLVEIG- CABALLERO & JEANJASS- DE,https://static.ticketmaster.fr/static/images/vignettes/a_540416.gif
3 juin 2023,LA COUPOLE,ST LOUBES,FESTIVAL - FESTIVAL DANSE,8.0,FESTIVAL DES CULTURES URBAINES,https://static.ticketmaster.fr/static/images/vignettes/a_537318.gif
3 au 4 juin 2023,ESPACE CARAT GRAND ANGOULEME,ISLE D'ESPAGNAC,FESTIVAL - FESTIVAL MAGIE,35.0,FESTIVAL MONDIAL DE LA MAGIE,https://static.ticketmaster.fr/static/images/vignettes/n_festival-mondial-de-la-magie.gif
7 juin 2023,CENTRE CULTUREL LA RUCHE,SAUCATS,FESTIVAL - FESTIVAL MUSIQUE,16.0,JAZZ AND BLUES FESTIVAL- MICHEL FOIZON- NICO WAYNE TOUSSAINT SOLO,https://static.ticketmaster.fr/static/images/vignettes/a_542753.gif
8 juin 2023,CHATEAU LATOUR-MARTILLAC,MARTILLAC,FESTIVAL - FESTIVAL MUSIQUE,20.0,JAZZ AND BLUES FESTIVAL,https://static.ticketmaster.fr/static/images/vignettes/a_542748.gif
9 juin 2023,ESPACE CULTUREL GEORGES BRASSENS,LEOGNAN,FESTIVAL - FESTIVAL MUSIQUE,27.2,JAZZ AND BLUES FESTIVAL- DANY DORIZ,https://static.ticketmaster.fr/static/images/vignettes/a_542763.gif
10 juin 2023,ESPACE CULTUREL GEORGES BRASSENS,LEOGNAN,FESTIVAL - FESTIVAL MUSIQUE,34.2,JAZZ AND BLUES FESTIVAL- KAZ HAWKINS,https://static.ticketmaster.fr/static/images/vignettes/a_542743.gif
10 juin 2023,PARC PEIXOTTO,TALENCE,FESTIVAL - FESTIVAL MUSIQUE,51.2,FESTIVAL ODP- IZIA- TEXAS- PIERRE DE MAERE,https://static.ticketmaster.fr/static/images/vignettes/a_542561.gif
16 au 17 juin 2023,PARC BORELY,MARSEILLE,FESTIVAL - FESTIVAL MUSIQUE,65.0,FESTIVAL MARSATAC- JOSMAN- SCENDANT VIERGE- GAZO- TIAKOLA,https://static.ticketmaster.fr/static/images/vignettes/a_543004.gif
16 au 18 juin 2023,PARC BORELY,MARSEILLE,FESTIVAL - FESTIVAL MUSIQUE,85.0,FESTIVAL MARSATAC- JOSMAN- YA NAKAMURA- FOLAMOUR- SCENDANT VIERGE- MERYL- GAZO- TIAKOLA,https://static.ticketmaster.fr/static/images/vignettes/a_543003.gif
16 au 18 juin 2023,PARC BORELY,MARSEILLE,FESTIVAL - FESTIVAL MUSIQUE,35.0,FESTIVAL MARSATAC- JOSMAN- YA NAKAMURA- FOLAMOUR- SCENDANT VIERGE- MERYL- GAZO- TIAKOLA,https://static.ticketmaster.fr/static/images/vignettes/a_542999.gif
17 au 18 juin 2023,PARC BORELY,MARSEILLE,FESTIVAL - FESTIVAL MUSIQUE,65.0,FESTIVAL MARSATAC- JOSMAN- YA NAKAMURA- FOLAMOUR- SCENDANT VIERGE- MERYL,https://static.ticketmaster.fr/static/images/vignettes/a_543005.gif
22 juin 2023,JARDIN DES PLANTES,MONTAUBAN,FESTIVAL - FESTIVAL MUSIQUE,37.2,FESTIVAL MONTAUBAN EN SCENES- JULIETTE ARMANET- JULIEN GRANEL,https://static.ticketmaster.fr/static/images/vignettes/a_539109.gif
23 au 25 juin 2023,CHATEAU DE TILLOLOY,TILLOLOY,FESTIVAL - FESTIVAL MUSIQUE,40.0,RETRO C TROP FESTIVAL- MIKA- CHRIS ISAAK,https://static.ticketmaster.fr/static/images/vignettes/a_541966.gif
24 au 25 juin 2023,CHATEAU DE TILLOLOY,TILLOLOY,FESTIVAL - FESTIVAL MUSIQUE,28.0,RETRO C TROP FESTIVAL- MIKA- CHRIS ISAAK,https://static.ticketmaster.fr/static/images/vignettes/a_541963.gif
24 juin 2023,JARDIN DES PLANTES,MONTAUBAN,FESTIVAL - FESTIVAL MUSIQUE,52.0,FESTIVAL MONTAUBAN EN SCENES- ORELSAN- CHARLES J,https://static.ticketmaster.fr/static/images/vignettes/a_539111.gif
25 juin 2023,JARDIN DES PLANTES,MONTAUBAN,FESTIVAL - FESTIVAL MUSIQUE,46.5,FESTIVAL MONTAUBAN EN SCENES- -M-- FATOUMATA DIAWARA- NNIE LALALOVE,https://static.ticketmaster.fr/static/images/vignettes/a_539107.gif
27 juin 2023,PARC DE PRE-LEROY,NIORT,FESTIVAL - FESTIVAL MUSIQUE,22.0,NIORT JAZZ FESTIVAL- GREGORY PORTER,https://static.ticketmaster.fr/static/images/vignettes/a_540820.gif
28 juin au 13 juil. 2023,THEATRE ANTIQUE,VIENNE,FESTIVAL - FESTIVAL MUSIQUE,175.0,FESTIVAL JAZZ A VIENNE,https://static.ticketmaster.fr/static/images/vignettes/a_540323.gif
29 juin au 2 juil. 2023,PARC DU PORT MULON,NORT SUR ERDRE,FESTIVAL - FESTIVAL MUSIQUE,11.5,"""FESTIVAL LA NUIT DE LERDRE""",https://static.ticketmaster.fr/static/images/vignettes/a_541039.gif
29 juin au 2 juil. 2023,PARC DU PORT MULON,NORT SUR ERDRE,FESTIVAL - FESTIVAL MUSIQUE,154.0,"""FESTIVAL LA NUIT DE LERDRE""- INDOCHINE- LOUISE ATTAQUE- SHAKA PONK- LA FEMME- LOMEPAL",https://static.ticketmaster.fr/static/images/vignettes/a_541038.gif
29 juin au 2 juil. 2023,PARC DU PORT MULON,NORT SUR ERDRE,FESTIVAL - FESTIVAL MUSIQUE,113.5,"""FESTIVAL LA NUIT DE LERDRE""- INDOCHINE- LOUISE ATTAQUE- SHAKA PONK- LA FEMME- LOMEPAL",https://static.ticketmaster.fr/static/images/vignettes/a_540994.gif
29 juin au 2 juil. 2023,PARC DU PORT MULON,NORT SUR ERDRE,FESTIVAL - FESTIVAL MUSIQUE,88.0,"""FESTIVAL LA NUIT DE LERDRE""- INDOCHINE- LOUISE ATTAQUE- SHAKA PONK- LA FEMME- LOMEPAL",https://static.ticketmaster.fr/static/images/vignettes/a_540978.gif
29 juin 2023,ALUNA FESTIVAL,RUOMS,FESTIVAL - FESTIVAL MUSIQUE,27.0,"LUNA FESTIVAL- MADEMOISELLE K- KUNGS- ""MALO""- ORELSAN- ROUQUINE",https://static.ticketmaster.fr/static/images/vignettes/a_540103.gif
30 juin au 2 juil. 2023,PARC DU LOUVRE-BOBITAL,BOBITAL,FESTIVAL - FESTIVAL MUSIQUE,99.0,FESTIVAL BOBITAL,https://static.ticketmaster.fr/static/images/vignettes/a_542929.gif
30 juin au 2 juil. 2023,PARC DU LOUVRE-BOBITAL,BOBITAL,FESTIVAL - FESTIVAL MUSIQUE,68.0,FESTIVAL BOBITAL,https://static.ticketmaster.fr/static/images/vignettes/a_542927.gif
30 juin au 2 juil. 2023,PLACE DU 1ER MAI,CLERMONT FERRAND,FESTIVAL - FESTIVAL MUSIQUE,108.0,FESTIVAL EUROPAVOX- -M-- ZAHO DE SAGAZAN- TIAKOLA- ORELSAN- POMME- SHAME- JOSMAN- LOUISE ATTAQUE- DE,https://static.ticketmaster.fr/static/images/vignettes/a_541637.gif
30 juin au 2 juil. 2023,PLACE DU 1ER MAI,CLERMONT FERRAND,FESTIVAL - FESTIVAL MUSIQUE,46.0,FESTIVAL EUROPAVOX- -M-- ZAHO DE SAGAZAN- TIAKOLA- ORELSAN- POMME- SHAME- JOSMAN- LOUISE ATTAQUE- DE,https://static.ticketmaster.fr/static/images/vignettes/a_541622.gif
30 juin au 2 juil. 2023,LA CITADELLE,ARRAS,FESTIVAL - FESTIVAL MUSIQUE,25.0,MAIN SQUARE FESTIVAL- DAVID GUETTA- MACKLEMORE- MAROON 5- YA NAKAMURA- ORELSAN,https://static.ticketmaster.fr/static/images/vignettes/a_541458.gif
30 juin 2023,LE PRISME,AURILLAC,FESTIVAL - FESTIVAL MUSIQUE,27.0,FESTIVAL AURILLAC EN SCENE- SUZANE- NGELE- SOOLKING,https://static.ticketmaster.fr/static/images/vignettes/a_541320.gif
30 juin 2023,ALUNA FESTIVAL,RUOMS,FESTIVAL - FESTIVAL MUSIQUE,27.0,LUNA FESTIVAL- SHAKA PONK- BIGFLO ET OLI- NAAMAN- DE- OETE,https://static.ticketmaster.fr/static/images/vignettes/a_540104.gif
1 juil. 2023,THEATRE DE VERDURE,LE BROC,FESTIVAL - FESTIVAL MUSIQUE,28.0,LE BROC FESTIVAL- NA POPOVIC,https://static.ticketmaster.fr/static/images/vignettes/a_542900.gif
1 au 2 juil. 2023,PLACE DU 1ER MAI,CLERMONT FERRAND,FESTIVAL - FESTIVAL MUSIQUE,78.0,FESTIVAL EUROPAVOX- -M-- ZAHO DE SAGAZAN- TIAKOLA- ORELSAN- POMME- SHAME- JOSMAN- LOUISE ATTAQUE- DE,https://static.ticketmaster.fr/static/images/vignettes/a_541630.gif
1 juil. 2023,LE PRISME,AURILLAC,FESTIVAL - FESTIVAL MUSIQUE,27.0,FESTIVAL AURILLAC EN SCENE- CHARLIE WINSTON- -M-- IZIA,https://static.ticketmaster.fr/static/images/vignettes/a_541580.gif
1 juil. 2023,ALUNA FESTIVAL,RUOMS,FESTIVAL - FESTIVAL MUSIQUE,27.0,LUNA FESTIVAL- FLORENT PAGNY- FAADA FREDDY- JAIN- DUB INC- R.CAN,https://static.ticketmaster.fr/static/images/vignettes/a_540105.gif
2 juil. 2023,THEATRE DE VERDURE,LE BROC,FESTIVAL - FESTIVAL MUSIQUE,29.0,LE BROC FESTIVAL- CHARLIE WINSTON,https://static.ticketmaster.fr/static/images/vignettes/n_charlie-winston.gif
2 juil. 2023,THEATRE JEAN-DESCHAMPS,CARCASSONNE,FESTIVAL - FESTIVAL MUSIQUE,34.0,FESTIVAL DE CARCASSONNE- BENJAMIN MILLEPIED- LEXANDRE THARAUD,https://static.ticketmaster.fr/static/images/vignettes/a_542030.gif
3 juil. 2023,THEATRE ANTIQUE,VIENNE,FESTIVAL - FESTIVAL MUSIQUE,32.0,FESTIVAL JAZZ A VIENNE,https://static.ticketmaster.fr/static/images/vignettes/a_540314.gif
5 au 8 juil. 2023,ESPLANADE DU LAC,AIX LES BAINS,FESTIVAL - FESTIVAL MUSIQUE,205.0,MUSILAC FESTIVAL- INDOCHINE- SHAKA PONK- IGGY POP- IZIA- VITALIC- FRANZ FERDINAND- LOMEPAL,https://static.ticketmaster.fr/static/images/vignettes/a_542576.gif
5 au 6 juil. 2023,ESPLANADE DU LAC,AIX LES BAINS,FESTIVAL - FESTIVAL MUSIQUE,127.0,MUSILAC FESTIVAL- SHAKA PONK- IZIA- VITALIC- LOMEPAL,https://static.ticketmaster.fr/static/images/vignettes/a_542553.gif
6 juil. 2023,CHATEAU D'AUBIRY,CERET,FESTIVAL - FESTIVAL MUSIQUE,168.0,FESTIVAL LES DEFERLANTES- DAVID GUETTA- TIAKOLA- GAZO- ROSALIA- LOMEPAL- POMME- JOSMAN- STING- IZIA- LT-J- BIGFLO ET OLI- DELUXE- SHAKA PONK- LOUISE ATTAQUE- INDOCHINE- SOPRANO- SCORPIONS- DE,https://static.ticketmaster.fr/static/images/vignettes/a_542601.gif
6 juil. 2023,CHATEAU D'AUBIRY,CERET,FESTIVAL - FESTIVAL MUSIQUE,224.0,FESTIVAL LES DEFERLANTES- DAVID GUETTA- TIAKOLA- GAZO- ROSALIA- LOMEPAL- POMME- JOSMAN- STING- IZIA- LT-J- BIGFLO ET OLI- DELUXE- SHAKA PONK- LOUISE ATTAQUE- INDOCHINE- SOPRANO- SCORPIONS- DE,https://static.ticketmaster.fr/static/images/vignettes/a_542563.gif
6 au 9 juil. 2023,ROCOURT,LIEGE,FESTIVAL - FESTIVAL MUSIQUE,95.0,FESTIVAL LES ARDENTES- SCH- CENTRAL CEE- GAZO- GREEN MONTANA- LETO- LOUS AND THE YAKUZA- DJADJA ET DINAZ- DINOS- NISKA- HAMZA- YA NAKAMURA- TRAVIS SCOTT- LONZO- JOSMAN- KENDRICK LAMAR- DISIZ,https://static.ticketmaster.fr/static/images/vignettes/a_542428.gif
6 juil. 2023,ROCOURT,LIEGE,FESTIVAL - FESTIVAL MUSIQUE,247.0,FESTIVAL LES ARDENTES- SCH- CENTRAL CEE- GUY2BEZBAR- GAZO- GREEN MONTANA- LETO- LOUS AND THE YAKUZA- DJADJA ET DINAZ- DINOS- NISKA- HAMZA- YA NAKAMURA- TRAVIS SCOTT- LONZO- JOSMAN- KENDRICK LAMAR- DISIZ,https://static.ticketmaster.fr/static/images/vignettes/a_542427.gif
6 juil. 2023,ROCOURT,LIEGE,FESTIVAL - FESTIVAL MUSIQUE,287.0,FESTIVAL LES ARDENTES- SCH- CENTRAL CEE- GAZO- GREEN MONTANA- LETO- LOUS AND THE YAKUZA- DJADJA ET DINAZ- DINOS- NISKA- HAMZA- YA NAKAMURA- TRAVIS SCOTT- LONZO- JOSMAN- KENDRICK LAMAR- DISIZ,https://static.ticketmaster.fr/static/images/vignettes/a_542423.gif
6 juil. 2023,CHATEAU D'AUBIRY,CERET,FESTIVAL - FESTIVAL MUSIQUE,64.0,FESTIVAL LES DEFERLANTES- SCORPIONS- LT-J- JOSMAN- TIAKOLA,https://static.ticketmaster.fr/static/images/vignettes/a_542407.gif
6 au 9 juil. 2023,CHATEAU DE BEAUREGARD,HEROUVILLE ST CLAIR,FESTIVAL - FESTIVAL MUSIQUE,165.0,FESTIVAL BEAUREGARD- LOUISE ATTAQUE- TIAKOLA- GUY2BEZBAR- GAZO- LETO- TAMINO- NGELE- LOMEPAL- KUNGS- STING- LT-J- IRBOURNE- M83- JAIN- SHAKA PONK- BLUR,https://static.ticketmaster.fr/static/images/vignettes/a_542046.gif
6 au 8 juil. 2023,CHATEAU DE BEAUREGARD,HEROUVILLE ST CLAIR,FESTIVAL - FESTIVAL MUSIQUE,135.0,FESTIVAL BEAUREGARD- LOUISE ATTAQUE- GUY2BEZBAR- GAZO- LETO- TAMINO- NGELE- LOMEPAL- PERTURBATOR- KUNGS- LT-J- M83- JAIN- BLUR,https://static.ticketmaster.fr/static/images/vignettes/a_542044.gif
6 au 7 juil. 2023,CHATEAU DE BEAUREGARD,HEROUVILLE ST CLAIR,FESTIVAL - FESTIVAL MUSIQUE,100.0,FESTIVAL BEAUREGARD- LOUISE ATTAQUE- M83- KUNGS- PERTURBATOR- NGELE- TAMINO- GAZO- BLUR,https://static.ticketmaster.fr/static/images/vignettes/a_542041.gif
6 juil. 2023,CHATEAU DE BEAUREGARD,HEROUVILLE ST CLAIR,FESTIVAL - FESTIVAL MUSIQUE,59.0,FESTIVAL BEAUREGARD- KUNGS- NGELE- GAZO- BLUR,https://static.ticketmaster.fr/static/images/vignettes/a_542018.gif
6 au 8 juil. 2023,GRAND THEATRE,ALBI,FESTIVAL - FESTIVAL MUSIQUE,17.0,LES FRANGLAISES- FESTIVAL PAUSE GUITARE- VASLO,https://static.ticketmaster.fr/static/images/vignettes/a_541984.gif
7 au 9 juil. 2023,SITE DE KERBOULARD,SAINT NOLFF,FESTIVAL - FESTIVAL MUSIQUE,150.0,FETE DU BRUIT - ST NOLFF,https://static.ticketmaster.fr/static/images/vignettes/ticket.gif
7 juil. 2023,CHATEAU D'AUBIRY,CERET,FESTIVAL - FESTIVAL MUSIQUE,168.0,FESTIVAL LES DEFERLANTES- DAVID GUETTA- TIAKOLA- GAZO- ROSALIA- LOMEPAL- POMME- JOSMAN- STING- IZIA- LT-J- BIGFLO ET OLI- DELUXE- SHAKA PONK- LOUISE ATTAQUE- INDOCHINE- SOPRANO- SCORPIONS- DE,https://static.ticketmaster.fr/static/images/vignettes/a_542602.gif
7 juil. 2023,ESPLANADE DU LAC,AIX LES BAINS,FESTIVAL - FESTIVAL MUSIQUE,169.0,MUSILAC FESTIVAL- INDOCHINE- SHAKA PONK- IZIA- VITALIC- LOMEPAL,https://static.ticketmaster.fr/static/images/vignettes/a_542570.gif
7 juil. 2023,ESPLANADE DU LAC,AIX LES BAINS,FESTIVAL - FESTIVAL MUSIQUE,127.0,MUSILAC FESTIVAL- INDOCHINE- IZIA- VITALIC- LOMEPAL,https://static.ticketmaster.fr/static/images/vignettes/a_542555.gif
7 juil. 2023,ESPLANADE DU LAC,AIX LES BAINS,FESTIVAL - FESTIVAL MUSIQUE,127.0,MUSILAC FESTIVAL- INDOCHINE- SHAKA PONK,https://static.ticketmaster.fr/static/images/vignettes/a_542552.gif
7 juil. 2023,CHATEAU D'AUBIRY,CERET,FESTIVAL - FESTIVAL MUSIQUE,64.0,FESTIVAL LES DEFERLANTES- SHAKA PONK- IZIA- STING- LOMEPAL,https://static.ticketmaster.fr/static/images/vignettes/a_542410.gif
7 juil. 2023,BASE DE LOISIRS,ALBI,FESTIVAL - FESTIVAL MUSIQUE,140.0,FESTIVAL PAUSE GUITARE- MICHEL POLNAREFF- HERVE- LOMEPAL- NGE- BIGFLO ET OLI- DELUXE- JAIN- IBRAHIM MAALOUF- SHAKA PONK- DE,https://static.ticketmaster.fr/static/images/vignettes/ticket.gif
7 au 8 juil. 2023,TERRAIN PASTEUR,MALEMORT,FESTIVAL - FESTIVAL MUSIQUE,40.0,"""FESTIMALEMORT""- ""KEENV""- MAGIC SYSTEM- PATRICK SEBASTIEN- COLLECTIF METISSE",https://static.ticketmaster.fr/static/images/vignettes/a_542138.gif
7 juil. 2023,TERRAIN PASTEUR,MALEMORT,FESTIVAL - FESTIVAL MUSIQUE,25.0,"""FESTIMALEMORT""- ""KEENV""- MAGIC SYSTEM",https://static.ticketmaster.fr/static/images/vignettes/a_542136.gif
7 juil. 2023,THEATRE ANTIQUE VAISON,VAISON LA ROMAINE,FESTIVAL - FESTIVAL MUSIQUE,39.5,LOUANE- FESTIVAL VAISON LA ROMAINE,https://static.ticketmaster.fr/static/images/vignettes/n_louane.gif
7 au 9 juil. 2023,CHATEAU DE BEAUREGARD,HEROUVILLE ST CLAIR,FESTIVAL - FESTIVAL MUSIQUE,135.0,FESTIVAL BEAUREGARD- GUY2BEZBAR- LOMEPAL- PERTURBATOR- STING- LOUISE ATTAQUE- LT-J- IRBOURNE- JAIN- SHAKA PONK- TIAKOLA,https://static.ticketmaster.fr/static/images/vignettes/a_542045.gif
7 au 8 juil. 2023,CHATEAU DE BEAUREGARD,HEROUVILLE ST CLAIR,FESTIVAL - FESTIVAL MUSIQUE,100.0,FESTIVAL BEAUREGARD- LOUISE ATTAQUE- LETO- TAMINO- LOMEPAL- PERTURBATOR- LT-J- M83- JAIN- GUY2BEZBAR,https://static.ticketmaster.fr/static/images/vignettes/a_542042.gif
7 juil. 2023,CHATEAU DE BEAUREGARD,HEROUVILLE ST CLAIR,FESTIVAL - FESTIVAL MUSIQUE,59.0,FESTIVAL BEAUREGARD- LOUISE ATTAQUE- M83- PERTURBATOR- TAMINO,https://static.ticketmaster.fr/static/images/vignettes/a_542036.gif
7 juil. 2023,BASE DE LOISIRS,ALBI,FESTIVAL - FESTIVAL MUSIQUE,37.0,FESTIVAL PAUSE GUITARE- MICHEL POLNAREFF- IBRAHIM MAALOUF- DELUXE- DE,https://static.ticketmaster.fr/static/images/vignettes/a_540675.gif
8 juil. 2023,THEATRE JEAN-DESCHAMPS,CARCASSONNE,FESTIVAL - FESTIVAL MUSIQUE,34.0,FESTIVAL DE CARCASSONNE- BEJART BALLET LAUSANNE,https://static.ticketmaster.fr/static/images/vignettes/a_543209.gif
8 juil. 2023,ESPLANADE DU LAC,AIX LES BAINS,FESTIVAL - FESTIVAL MUSIQUE,169.0,MUSILAC FESTIVAL- INDOCHINE- SHAKA PONK- IGGY POP- FRANZ FERDINAND,https://static.ticketmaster.fr/static/images/vignettes/a_542574.gif
8 juil. 2023,ESPLANADE DU LAC,AIX LES BAINS,FESTIVAL - FESTIVAL MUSIQUE,169.0,MUSILAC FESTIVAL- INDOCHINE- IGGY POP- IZIA- VITALIC- FRANZ FERDINAND- LOMEPAL,https://static.ticketmaster.fr/static/images/vignettes/a_542572.gif
8 juil. 2023,ESPLANADE DU LAC,AIX LES BAINS,FESTIVAL - FESTIVAL MUSIQUE,169.0,MUSILAC FESTIVAL- SHAKA PONK- IGGY POP- IZIA- VITALIC- FRANZ FERDINAND- LOMEPAL,https://static.ticketmaster.fr/static/images/vignettes/a_542568.gif
8 juil. 2023,ESPLANADE DU LAC,AIX LES BAINS,FESTIVAL - FESTIVAL MUSIQUE,127.0,MUSILAC FESTIVAL- IGGY POP- IZIA- VITALIC- FRANZ FERDINAND- LOMEPAL,https://static.ticketmaster.fr/static/images/vignettes/a_542558.gif
8 juil. 2023,ESPLANADE DU LAC,AIX LES BAINS,FESTIVAL - FESTIVAL MUSIQUE,127.0,MUSILAC FESTIVAL- SHAKA PONK- IGGY POP- FRANZ FERDINAND,https://static.ticketmaster.fr/static/images/vignettes/a_542556.gif
8 juil. 2023,ESPLANADE DU LAC,AIX LES BAINS,FESTIVAL - FESTIVAL MUSIQUE,127.0,MUSILAC FESTIVAL- INDOCHINE- IGGY POP- FRANZ FERDINAND,https://static.ticketmaster.fr/static/images/vignettes/a_542551.gif
8 juil. 2023,TERRAIN PASTEUR,MALEMORT,FESTIVAL - FESTIVAL MUSIQUE,25.0,"""FESTIMALEMORT""- PATRICK SEBASTIEN- COLLECTIF METISSE",https://static.ticketmaster.fr/static/images/vignettes/a_542141.gif
8 au 9 juil. 2023,CHATEAU DE BEAUREGARD,HEROUVILLE ST CLAIR,FESTIVAL - FESTIVAL MUSIQUE,100.0,FESTIVAL BEAUREGARD- SHAKA PONK- JAIN- IRBOURNE- LT-J- STING- LOMEPAL- LETO- TIAKOLA,https://static.ticketmaster.fr/static/images/vignettes/a_542043.gif
8 juil. 2023,CHATEAU DE BEAUREGARD,HEROUVILLE ST CLAIR,FESTIVAL - FESTIVAL MUSIQUE,59.0,FESTIVAL BEAUREGARD- JAIN- LT-J- LOMEPAL- LETO- GUY2BEZBAR,https://static.ticketmaster.fr/static/images/vignettes/a_542038.gif
9 juil. 2023,SITE DE L'EPERON,BOULOGNE SUR MER,FESTIVAL - FESTIVAL MUSIQUE,28.5,"""FESTIVAL DE LA COTE DOPALE""- JOSMAN- CHILLA- CABALLERO & JEANJASS",https://static.ticketmaster.fr/static/images/vignettes/a_542975.gif
9 juil. 2023,GRAND THEATRE,ALBI,FESTIVAL - FESTIVAL MUSIQUE,17.0,FESTIVAL PAUSE GUITARE- BERTRAND BELIN- LOU-ADRIANE CASSIDY,https://static.ticketmaster.fr/static/images/vignettes/a_542163.gif
9 juil. 2023,ARENES DE NIMES,NIMES,FESTIVAL - FESTIVAL MUSIQUE,40.5,FESTIVAL DE NIMES,https://static.ticketmaster.fr/static/images/vignettes/a_540967.gif
9 juil. 2023,BASE DE LOISIRS,ALBI,FESTIVAL - FESTIVAL MUSIQUE,60.0,FESTIVAL PAUSE GUITARE- INDOCHINE- CALI- COACH PARTY,https://static.ticketmaster.fr/static/images/vignettes/a_540664.gif
10 juil. 2023,CHATEAU COMTAL (COUR D'HONNEUR),CARCASSONNE,FESTIVAL - FESTIVAL THEATRE,44.0,FESTIVAL DE CARCASSONNE- UN PRESIDENT NE DEVRAIT PAS DIRE CA...,https://static.ticketmaster.fr/static/images/vignettes/a_543211.gif
10 juil. 2023,THEATRE ANTIQUE,VIENNE,FESTIVAL - FESTIVAL MUSIQUE,32.0,FESTIVAL JAZZ A VIENNE- JOE BONAMASSA,https://static.ticketmaster.fr/static/images/vignettes/a_540329.gif
11 juil. 2023,CHATEAU COMTAL (COUR D'HONNEUR),CARCASSONNE,FESTIVAL - FESTIVAL MUSIQUE,44.0,FESTIVAL DE CARCASSONNE- SELECTIONNE,https://static.ticketmaster.fr/static/images/vignettes/a_543212.gif
12 au 15 juil. 2023,LAC DE VIOREAU,JOUE SUR ERDRE,FESTIVAL - FESTIVAL MUSIQUE,118.0,DUB CAMP FESTIVAL,https://static.ticketmaster.fr/static/images/vignettes/a_541493.gif
12 au 15 juil. 2023,LAC DE VIOREAU,JOUE SUR ERDRE,FESTIVAL - FESTIVAL MUSIQUE,32.2,DUB CAMP FESTIVAL,https://static.ticketmaster.fr/static/images/vignettes/a_541447.gif
12 juil. 2023,ESPLANADE ST-JEAN D'ACRE,LA ROCHELLE,FESTIVAL - FESTIVAL MUSIQUE,50.0,LES FRANCOFOLIES DE LA ROCHELLE- -M-- SHAKA PONK- IZIA- DE,https://static.ticketmaster.fr/static/images/vignettes/a_540718.gif
12 juil. 2023,THEATRE ANTIQUE,VIENNE,FESTIVAL - FESTIVAL MUSIQUE,32.0,FESTIVAL JAZZ A VIENNE- PAT METHENY,https://static.ticketmaster.fr/static/images/vignettes/a_540340.gif
13 au 15 juil. 2023,LAC DE VIOREAU,JOUE SUR ERDRE,FESTIVAL - FESTIVAL MUSIQUE,95.0,DUB CAMP FESTIVAL,https://static.ticketmaster.fr/static/images/vignettes/a_541489.gif
13 au 15 juil. 2023,LAC DE VIOREAU,JOUE SUR ERDRE,FESTIVAL - FESTIVAL MUSIQUE,72.0,DUB CAMP FESTIVAL,https://static.ticketmaster.fr/static/images/vignettes/a_541484.gif
13 juil. 2023,LA SIRENE,LA ROCHELLE,FESTIVAL - FESTIVAL MUSIQUE,27.0,LES FRANCOFOLIES DE LA ROCHELLE- PERTURBATOR- BIRDS IN ROW,https://static.ticketmaster.fr/static/images/vignettes/a_540729.gif
13 juil. 2023,THEATRE VERDIERE LA COURSIVE / CCAS,LA ROCHELLE,FESTIVAL - FESTIVAL MUSIQUE,18.0,LES FRANCOFOLIES DE LA ROCHELLE- NICOLAS MAURY,https://static.ticketmaster.fr/static/images/vignettes/a_540725.gif
13 juil. 2023,ESPLANADE ST-JEAN D'ACRE,LA ROCHELLE,FESTIVAL - FESTIVAL MUSIQUE,50.0,LES FRANCOFOLIES DE LA ROCHELLE- LOMEPAL- GAZO- BIGA RANX,https://static.ticketmaster.fr/static/images/vignettes/a_540719.gif
13 juil. 2023,THEATRE VERDIERE LA COURSIVE / CCAS,LA ROCHELLE,FESTIVAL - FESTIVAL MUSIQUE,25.0,LES FRANCOFOLIES DE LA ROCHELLE- EMILIE SIMON,https://static.ticketmaster.fr/static/images/vignettes/a_540714.gif
14 juil. 2023,GRAND THEATRE LA COURSIVE,LA ROCHELLE,FESTIVAL - FESTIVAL MUSIQUE,50.0,LES FRANCOFOLIES DE LA ROCHELLE- RENAUD,https://static.ticketmaster.fr/static/images/vignettes/a_541011.gif
14 juil. 2023,THEATRE VERDIERE LA COURSIVE / CCAS,LA ROCHELLE,FESTIVAL - FESTIVAL MUSIQUE,25.0,LES FRANCOFOLIES DE LA ROCHELLE- MATHIAS MALZIEU,https://static.ticketmaster.fr/static/images/vignettes/a_540715.gif
15 juil. 2023,GRAND THEATRE LA COURSIVE,LA ROCHELLE,FESTIVAL - FESTIVAL MUSIQUE,50.0,LES FRANCOFOLIES DE LA ROCHELLE- RENAUD,https://static.ticketmaster.fr/static/images/vignettes/a_541014.gif
15 juil. 2023,THEATRE VERDIERE LA COURSIVE / CCAS,LA ROCHELLE,FESTIVAL - FESTIVAL MUSIQUE,18.0,LES FRANCOFOLIES DE LA ROCHELLE- NOVEMBER ULTRA,https://static.ticketmaster.fr/static/images/vignettes/a_540727.gif
16 juil. 2023,THEATRE VERDIERE LA COURSIVE / CCAS,LA ROCHELLE,FESTIVAL - FESTIVAL MUSIQUE,18.0,LES FRANCOFOLIES DE LA ROCHELLE- PIERRE DE MAERE,https://static.ticketmaster.fr/static/images/vignettes/a_540728.gif
19 juil. 2023,DOMAINE DE FONTBLANCHE,VITROLLES,FESTIVAL - FESTIVAL MUSIQUE,17.0,FESTIVAL JARDIN SONORE- SOPRANO- PETIT BISCUIT,https://static.ticketmaster.fr/static/images/vignettes/a_543146.gif
19 juil. 2023,ARENES DE NIMES,NIMES,FESTIVAL - FESTIVAL MUSIQUE,37.2,FESTIVAL DE NIMES- DJADJA ET DINAZ,https://static.ticketmaster.fr/static/images/vignettes/a_541833.gif
20 juil. 2023,ESPACE DES 3 PROVINCES,BRIVE LA GAILLARDE,FESTIVAL - FESTIVAL MUSIQUE,46.5,BRIVE FESTIVAL- NGELE- CRAIG DAVID- DE,https://static.ticketmaster.fr/static/images/vignettes/a_540555.gif
21 juil. 2023,DOMAINE DE FONTBLANCHE,VITROLLES,FESTIVAL - FESTIVAL MUSIQUE,46.0,FESTIVAL JARDIN SONORE- SHAKA PONK,https://static.ticketmaster.fr/static/images/vignettes/a_543194.gif
24 juil. 2023,THEATRE JEAN-DESCHAMPS,CARCASSONNE,FESTIVAL - FESTIVAL MUSIQUE,70.0,FESTIVAL DE CARCASSONNE- MICHEL POLNAREFF,https://static.ticketmaster.fr/static/images/vignettes/n_michel-polnareff.gif
26 juil. 2023,THEATRE JEAN-DESCHAMPS,CARCASSONNE,FESTIVAL - FESTIVAL MUSIQUE,64.0,FESTIVAL DE CARCASSONNE- NGELE,https://static.ticketmaster.fr/static/images/vignettes/n_angele.gif
27 au 29 juil. 2023,PLACE DU MARECHAL LECLERC,CIVRAY,FESTIVAL - FESTIVAL MUSIQUE,30.7,FESTIVAL AU FIL DU SON- DUB INC- LORENZO- NGELE,https://static.ticketmaster.fr/static/images/vignettes/a_542236.gif
27 au 29 juil. 2023,PLACE DU MARECHAL LECLERC,CIVRAY,FESTIVAL - FESTIVAL MUSIQUE,19.0,FESTIVAL AU FIL DU SON- DUB INC- LORENZO- NGELE,https://static.ticketmaster.fr/static/images/vignettes/a_542232.gif
28 au 30 juil. 2023,PLEIN AIR,GIGNAC,FESTIVAL - FESTIVAL MUSIQUE,44.5,FESTIVAL ECAUSSYSTEME,https://static.ticketmaster.fr/static/images/vignettes/ticket.gif
28 au 30 juil. 2023,VILLAGE DE LUXEY,LUXEY,FESTIVAL - FESTIVAL MUSIQUE,119.0,"FESTIVAL MUSICALARUE- -M-- SILMARILS- ""LA PTITE FUMEE""- MEUTE- TINARIWEN- MATMATAH- MASSILIA SOUND SYSTEM- BIGA*RANX- LA FEMME- WAX TAILOR- DELUXE- JAIN- HUBERT FELIX THIEFAINE- MICHEL POLNAREFF- NA TIJOUX",https://static.ticketmaster.fr/static/images/vignettes/a_542425.gif
28 au 30 juil. 2023,VILLAGE DE LUXEY,LUXEY,FESTIVAL - FESTIVAL MUSIQUE,88.0,"FESTIVAL MUSICALARUE- -M-- SILMARILS- ""LA PTITE FUMEE""- MEUTE- TINARIWEN- MATMATAH- MASSILIA SOUND SYSTEM- BIGA*RANX- LA FEMME- WAX TAILOR- DELUXE- JAIN- HUBERT FELIX THIEFAINE- MICHEL POLNAREFF- NA TIJOUX",https://static.ticketmaster.fr/static/images/vignettes/a_542416.gif
28 au 30 juil. 2023,VILLAGE DE LUXEY,LUXEY,FESTIVAL - FESTIVAL MUSIQUE,49.0,"FESTIVAL MUSICALARUE- -M-- SILMARILS- ""LA PTITE FUMEE""- MEUTE- TINARIWEN- MATMATAH- MASSILIA SOUND SYSTEM- BIGA*RANX- LA FEMME- WAX TAILOR- DELUXE- JAIN- HUBERT FELIX THIEFAINE- MICHEL POLNAREFF- NA TIJOUX",https://static.ticketmaster.fr/static/images/vignettes/a_542412.gif
28 au 30 juil. 2023,LE HAVRE D'OLONNE,LES SABLES D’OLONNE,FESTIVAL - FESTIVAL MUSIQUE,27.0,UNITY- BIGFLO ET OLI,https://static.ticketmaster.fr/static/images/vignettes/a_541886.gif
29 juil. 2023,THEATRE JEAN-DESCHAMPS,CARCASSONNE,FESTIVAL - FESTIVAL MUSIQUE,64.0,FESTIVAL DE CARCASSONNE- YA NAKAMURA,https://static.ticketmaster.fr/static/images/vignettes/a_541713.gif
4 au 6 août 2023,SITE PLEIN AIR,ANGLEFORT,FESTIVAL - FESTIVAL MUSIQUE,83.0,NOMADE REGGAE FESTIVAL,https://static.ticketmaster.fr/static/images/vignettes/a_543824.gif
4 au 6 août 2023,SITE PLEIN AIR,ANGLEFORT,FESTIVAL - FESTIVAL MUSIQUE,42.5,NOMADE REGGAE FESTIVAL,https://static.ticketmaster.fr/static/images/vignettes/a_543822.gif
4 au 7 août 2023,PLAGE DU PALAIS DES FESTIVALS,CANNES,FESTIVAL - FESTIVAL MUSIQUE,191.5,FESTIVAL LES PLAGES ELECTRONIQUES- DJ SNAKE- BELLAIRE MUSIC- LUJIPEKA- ROMANE SANTARELLI- ELOI- MARINA TRENCH- THE BLESSED MADONNA- SDEK- MEZERG- JULIEN GRANEL- ED BANGER PARTY- SAM PAGANINI- RMIN VAN BUUREN- HAMZA- LOMEPAL- MIND AGAINST- OFENBACH- Oden & Fatzo,https://static.ticketmaster.fr/static/images/vignettes/a_543589.gif
4 au 7 août 2023,PLAGE DU PALAIS DES FESTIVALS,CANNES,FESTIVAL - FESTIVAL MUSIQUE,150.0,FESTIVAL LES PLAGES ELECTRONIQUES- DJ SNAKE- BELLAIRE MUSIC- LUJIPEKA- ROMANE SANTARELLI- ELOI- MARINA TRENCH- THE BLESSED MADONNA- SDEK- MEZERG- JULIEN GRANEL- ED BANGER PARTY- SAM PAGANINI- RMIN VAN BUUREN- HAMZA- LOMEPAL- MIND AGAINST- OFENBACH- Oden & Fatzo,https://static.ticketmaster.fr/static/images/vignettes/a_543265.gif
4 août 2023,DOMAINE DE NODRIS,VERTHEUIL,FESTIVAL - FESTIVAL MUSIQUE,42.5,REGGAE SUN SKA,https://static.ticketmaster.fr/static/images/vignettes/a_540430.gif
4 au 6 août 2023,DOMAINE DE NODRIS,VERTHEUIL,FESTIVAL - FESTIVAL MUSIQUE,94.0,REGGAE SUN SKA,https://static.ticketmaster.fr/static/images/vignettes/a_540392.gif
4 au 6 août 2023,DOMAINE DE NODRIS,VERTHEUIL,FESTIVAL - FESTIVAL MUSIQUE,7.0,REGGAE SUN SKA,https://static.ticketmaster.fr/static/images/vignettes/a_540451.gif
5 août 2023,DOMAINE DE NODRIS,VERTHEUIL,FESTIVAL - FESTIVAL MUSIQUE,42.5,REGGAE SUN SKA,https://static.ticketmaster.fr/static/images/vignettes/a_540428.gif
6 août 2023,DOMAINE DE NODRIS,VERTHEUIL,FESTIVAL - FESTIVAL MUSIQUE,42.5,REGGAE SUN SKA,https://static.ticketmaster.fr/static/images/vignettes/a_540403.gif
11 au 13 août 2023,LES JARDINS DE LA PALUD,LANDERNEAU,FESTIVAL - FESTIVAL MUSIQUE,56.0,FETE DU BRUIT DANS LANDERNEAU,https://static.ticketmaster.fr/static/images/vignettes/ticket.gif
11 au 13 août 2023,LES JARDINS DE LA PALUD,LANDERNEAU,FESTIVAL - FESTIVAL MUSIQUE,150.0,FETE DU BRUIT DANS LANDERNEAU,https://static.ticketmaster.fr/static/images/vignettes/ticket.gif
16 au 20 août 2023,PLACE DU VALLY,GUINGAMP,FESTIVAL - FESTIVAL MUSIQUE,63.0,FESTIVAL DE LA SAINT LOUP,https://static.ticketmaster.fr/static/images/vignettes/a_543027.gif
17 au 20 août 2023,SITE DE KERAMPUILH,CARHAIX PLOUGUER,FESTIVAL - FESTIVAL MUSIQUE,169.0,"MOTOCULTOR FESTIVAL- BLEED FROM WITHIN- LANDMVRKS- BBATH- BRUTUS- 1914- CRISIX- HYPNO5E- TERROR- BRIEG GUERVENO- GATECREEPER- STEVE N SEAGULLS- THE ACACIA STRAIN- DEICIDE- HRAFNGRIMR- GGGOLDDD- MESSA- FROG LEAP- MARDUK- BIRDS IN ROW- CARPENTER BRUT- STICK TO YOUR GUNS- RUSSIAN CIRCLES- HEART ATTACK- DYING FETUS- DOG EAT DOG- ""HUMANITYS LAST BREATH""- WHITECHAPEL- INSOMNIUM- WASHINGTON DEAD CATS- DELUGE- MENRA- WATAIN- ZEAL & ARDOR- CARCASS- RCHSPIRE- BIOHAZARD",https://static.ticketmaster.fr/static/images/vignettes/a_541641.gif
18 août 2023,PLACE DU VALLY,GUINGAMP,FESTIVAL - FESTIVAL MUSIQUE,12.0,FESTIVAL DE LA SAINT LOUP,https://static.ticketmaster.fr/static/images/vignettes/a_542984.gif
25 au 27 août 2023,LE MAFEU,BREAL SOUS MONTFORT,FESTIVAL - FESTIVAL MUSIQUE,113.0,FESTIVAL DU ROI ARTHUR,https://static.ticketmaster.fr/static/images/vignettes/ticket.gif
25 au 27 août 2023,LE MAFEU,BREAL SOUS MONTFORT,FESTIVAL - FESTIVAL MUSIQUE,83.0,FESTIVAL DU ROI ARTHUR,https://static.ticketmaster.fr/static/images/vignettes/ticket.gif
25 au 27 août 2023,LE MAFEU,BREAL SOUS MONTFORT,FESTIVAL - FESTIVAL MUSIQUE,12.0,FESTIVAL DU ROI ARTHUR,https://static.ticketmaster.fr/static/images/vignettes/ticket.gif
7 au 9 sept. 2023,PARC DES EXPOSITIONS DU GRAND CAHORS,FONTANES,FESTIVAL - FESTIVAL MUSIQUE,68.0,FESTIVAL LE LOT EN MEULE BLEUE- KENDJI GIRAC- GIMS- MIR- DADJU,https://static.ticketmaster.fr/static/images/vignettes/ticket.gif
7 au 9 sept. 2023,PARC DES EXPOSITIONS DU GRAND CAHORS,FONTANES,FESTIVAL - FESTIVAL MUSIQUE,100.0,FESTIVAL LE LOT EN MEULE BLEUE- KENDJI GIRAC- GIMS- MIR- DADJU,https://static.ticketmaster.fr/static/images/vignettes/ticket.gif
8 sept. 2023,PARC DES EXPOSITIONS DU GRAND CAHORS,FONTANES,FESTIVAL - FESTIVAL MUSIQUE,39.0,FESTIVAL LE LOT EN MEULE BLEUE- GIMS- DADJU,https://static.ticketmaster.fr/static/images/vignettes/n_gims-dadju.gif
9 sept. 2023,PARC DES EXPOSITIONS DU GRAND CAHORS,FONTANES,FESTIVAL - FESTIVAL MUSIQUE,39.0,FESTIVAL LE LOT EN MEULE BLEUE- KENDJI GIRAC,https://static.ticketmaster.fr/static/images/vignettes/n_kendji-girac.gif
11 au 12 nov. 2023,CABARET LE MIRAGE,MEZOS,FESTIVAL - FESTIVAL MAGIE,35.0,FESTIVAL MONDIAL DE LA MAGIE,https://static.ticketmaster.fr/static/images/vignettes/a_543682.gif
20 janv. 2024,LE BASCALA,BRUGUIERES,FESTIVAL - FESTIVAL MAGIE,35.0,FESTIVAL MONDIAL DE LA MAGIE,https://static.ticketmaster.fr/static/images/vignettes/n_festival-mondial-de-la-magie.gif
27 au 28 janv. 2024,LE CEPAC SILO,MARSEILLE,FESTIVAL - FESTIVAL MAGIE,35.0,FESTIVAL MONDIAL DE LA MAGIE,https://static.ticketmaster.fr/static/images/vignettes/n_festival-mondial-de-la-magie.gif
30 nov. au 1 dec. 2024,ARKEA ARENA,FLOIRAC,FESTIVAL - FESTIVAL MAGIE,35.0,FESTIVAL MONDIAL DE LA MAGIE,https://static.ticketmaster.fr/static/images/vignettes/n_festival-mondial-de-la-magie.gif
